Municipi,Comarca,Població,Província,Comunitat Autònoma
Abella de la Conca,Pallars Jussà,183,Lleida,Catalunya
Abrera,Baix Llobregat,12538,Barcelona,Catalunya
Agramunt,Urgell,5411,Lleida,Catalunya
Aguilar de Segarra,Bages,282,Barcelona,Catalunya
Agullana,Alt Empordà,863,Girona,Catalunya
Aiguafreda,Vallès Oriental,2512,Barcelona,Catalunya
Aiguamúrcia,Alt Camp,930,Tarragona,Catalunya
Aiguaviva,Gironès,765,Girona,Catalunya
Aitona,Segrià,2567,Lleida,Catalunya
Albanyà,Alt Empordà,155,Girona,Catalunya
Albatàrrec,Segrià,2236,Lleida,Catalunya
Albesa,Noguera,1561,Lleida,Catalunya
Albinyana,Baix Penedès,2468,Tarragona,Catalunya
Albons,Baix Empordà,759,Girona,Catalunya
Alcanar,Montsià,9434,Tarragona,Catalunya
Alcanó,Segrià,238,Lleida,Catalunya
Alcarràs,Segrià,9707,Lleida,Catalunya
Alcoletge,Segrià,3435,Lleida,Catalunya
Alcover,Alt Camp,5144,Tarragona,Catalunya
Aldover,Baix Ebre,905,Tarragona,Catalunya
Alella,Maresme,9904,Barcelona,Catalunya
Alfara de Carles,Baix Ebre,376,Tarragona,Catalunya
Alfarràs,Segrià,2765,Lleida,Catalunya
Alforja,Baix Camp,1783,Tarragona,Catalunya
Alfés,Segrià,297,Lleida,Catalunya
Algerri,Noguera,404,Lleida,Catalunya
Alguaire,Segrià,3029,Lleida,Catalunya
Alins,Pallars Sobirà,272,Lleida,Catalunya
Alió,Alt Camp,458,Tarragona,Catalunya
Almacelles,Segrià,6826,Lleida,Catalunya
Almatret,Segrià,305,Lleida,Catalunya
Almenar,Segrià,3357,Lleida,Catalunya
Almoster,Baix Camp,1341,Tarragona,Catalunya
Alp,Cerdanya,1593,Girona,Catalunya
Alpens,Lluçanès,261,Barcelona,Catalunya
Alpicat,Segrià,6266,Lleida,Catalunya
Alt Àneu,Pallars Sobirà,414,Lleida,Catalunya
Altafulla,Tarragonès,5307,Tarragona,Catalunya
Alàs i Cerc,Alt Urgell,320,Lleida,Catalunya
Alòs de Balaguer,Noguera,132,Lleida,Catalunya
Amer,Selva,2332,Girona,Catalunya
Amposta,Montsià,21115,Tarragona,Catalunya
Anglesola,Urgell,1365,Lleida,Catalunya
Anglès,Selva,5654,Girona,Catalunya
Arbeca,Garrigues,2126,Lleida,Catalunya
Arbolí,Baix Camp,127,Tarragona,Catalunya
Arbúcies,Selva,6608,Girona,Catalunya
Arenys de Mar,Maresme,15941,Barcelona,Catalunya
Arenys de Munt,Maresme,9121,Barcelona,Catalunya
Argelaguer,Garrotxa,396,Girona,Catalunya
Argentona,Maresme,12536,Barcelona,Catalunya
Argençola,Anoia,219,Barcelona,Catalunya
Arnes,Terra Alta,444,Tarragona,Catalunya
Arres,Vall d'Aran,60,Lleida,Catalunya
Arsèguel,Alt Urgell,81,Lleida,Catalunya
Artesa de Lleida,Segrià,1535,Lleida,Catalunya
Artesa de Segre,Noguera,3400,Lleida,Catalunya
Artés,Bages,5762,Barcelona,Catalunya
Ascó,Ribera d'Ebre,1644,Tarragona,Catalunya
Aspa,Segrià,220,Lleida,Catalunya
Avinyonet de Puigventós,Alt Empordà,1641,Girona,Catalunya
Avinyonet del Penedès,Alt Penedès,1697,Barcelona,Catalunya
Avinyó,Bages,2289,Barcelona,Catalunya
Avià,Berguedà,2220,Barcelona,Catalunya
Badalona,Barcelonès,223166,Barcelona,Catalunya
Badia del Vallès,Vallès Occidental,13415,Barcelona,Catalunya
Bagà,Berguedà,2140,Barcelona,Catalunya
Baix Pallars,Pallars Sobirà,331,Lleida,Catalunya
Balaguer,Noguera,17472,Lleida,Catalunya
Balenyà,Osona,3840,Barcelona,Catalunya
Balsareny,Bages,3192,Barcelona,Catalunya
Banyeres del Penedès,Baix Penedès,3207,Tarragona,Catalunya
Banyoles,Pla de l'Estany,20053,Girona,Catalunya
Barbens,Pla d'Urgell,878,Lleida,Catalunya
Barberà de la Conca,Conca de Barberà,471,Tarragona,Catalunya
Barberà del Vallès,Vallès Occidental,33334,Barcelona,Catalunya
Barcelona,Barcelonès,1664182,Barcelona,Catalunya
Bassella,Alt Urgell,217,Lleida,Catalunya
Batea,Terra Alta,1901,Tarragona,Catalunya
Bausen,Vall d'Aran,60,Lleida,Catalunya
Begues,Baix Llobregat,7300,Barcelona,Catalunya
Begur,Baix Empordà,3891,Girona,Catalunya
Belianes,Urgell,520,Lleida,Catalunya
Bell-lloc d'Urgell,Pla d'Urgell,2335,Lleida,Catalunya
Bellaguarda,Garrigues,287,Lleida,Catalunya
Bellcaire d'Empordà,Baix Empordà,678,Girona,Catalunya
Bellcaire d'Urgell,Noguera,1199,Lleida,Catalunya
Bellmunt d'Urgell,Noguera,185,Lleida,Catalunya
Bellmunt del Priorat,Priorat,273,Tarragona,Catalunya
Bellprat,Anoia,64,Barcelona,Catalunya
Bellpuig,Urgell,5218,Lleida,Catalunya
Bellvei,Baix Penedès,2237,Tarragona,Catalunya
Bellver de Cerdanya,Cerdanya,2005,Lleida,Catalunya
Bellvís,Pla d'Urgell,2260,Lleida,Catalunya
Benavent de Segrià,Segrià,1518,Lleida,Catalunya
Benifallet,Baix Ebre,723,Tarragona,Catalunya
Benissanet,Ribera d'Ebre,1140,Tarragona,Catalunya
Berga,Berguedà,16760,Barcelona,Catalunya
Besalú,Garrotxa,2487,Girona,Catalunya
Bescanó,Gironès,4991,Girona,Catalunya
Beuda,Garrotxa,186,Girona,Catalunya
Bigues i Riells del Fai,Vallès Oriental,9358,Barcelona,Catalunya
Biosca,Solsonès,177,Lleida,Catalunya
Biure,Alt Empordà,241,Girona,Catalunya
Blancafort,Conca de Barberà,382,Tarragona,Catalunya
Blanes,Selva,39914,Girona,Catalunya
Boadella i les Escaules,Alt Empordà,272,Girona,Catalunya
Bolvir,Cerdanya,375,Girona,Catalunya
Bonastre,Baix Penedès,685,Tarragona,Catalunya
Bordils,Gironès,1761,Girona,Catalunya
Borrassà,Alt Empordà,733,Girona,Catalunya
Borredà,Berguedà,464,Barcelona,Catalunya
Bossòst,Vall d'Aran,1115,Lleida,Catalunya
Bot,Terra Alta,554,Tarragona,Catalunya
Botarell,Baix Camp,1077,Tarragona,Catalunya
Bovera,Garrigues,248,Lleida,Catalunya
Breda,Selva,3762,Girona,Catalunya
Brunyola i Sant Martí Sapresa,Selva,389,Girona,Catalunya
Bràfim,Alt Camp,695,Tarragona,Catalunya
Bàscara,Alt Empordà,1001,Girona,Catalunya
Cabanabona,Noguera,71,Lleida,Catalunya
Cabanelles,Alt Empordà,267,Girona,Catalunya
Cabanes,Alt Empordà,968,Girona,Catalunya
Cabassers,Priorat,302,Tarragona,Catalunya
Cabra del Camp,Alt Camp,1175,Tarragona,Catalunya
Cabrera d'Anoia,Anoia,1482,Barcelona,Catalunya
Cabrera de Mar,Maresme,4747,Barcelona,Catalunya
Cabrils,Maresme,7432,Barcelona,Catalunya
Cabó,Alt Urgell,93,Lleida,Catalunya
Cadaqués,Alt Empordà,2695,Girona,Catalunya
Calaf,Anoia,3656,Barcelona,Catalunya
Calafell,Baix Penedès,27601,Tarragona,Catalunya
Calders,Moianès,1045,Barcelona,Catalunya
Caldes d'Estrac,Maresme,3021,Barcelona,Catalunya
Caldes de Malavella,Selva,7872,Girona,Catalunya
Caldes de Montbui,Vallès Oriental,17812,Barcelona,Catalunya
Calella,Maresme,19277,Barcelona,Catalunya
Calldetenes,Osona,2513,Barcelona,Catalunya
Callús,Bages,2129,Barcelona,Catalunya
Calonge de Segarra,Anoia,188,Barcelona,Catalunya
Calonge i Sant Antoni,Baix Empordà,11331,Girona,Catalunya
Camarasa,Noguera,810,Lleida,Catalunya
Camarles,Baix Ebre,3194,Tarragona,Catalunya
Cambrils,Baix Camp,34734,Tarragona,Catalunya
Campdevànol,Ripollès,3232,Girona,Catalunya
Campelles,Ripollès,140,Girona,Catalunya
Campins,Vallès Oriental,541,Barcelona,Catalunya
Campllong,Gironès,537,Girona,Catalunya
Campmany,Alt Empordà,611,Girona,Catalunya
Camprodon,Ripollès,2298,Girona,Catalunya
Camós,Pla de l'Estany,677,Girona,Catalunya
Canejan,Vall d'Aran,89,Lleida,Catalunya
Canet d'Adri,Gironès,729,Girona,Catalunya
Canet de Mar,Maresme,14865,Barcelona,Catalunya
Canovelles,Vallès Oriental,16829,Barcelona,Catalunya
Cantallops,Alt Empordà,309,Girona,Catalunya
Canyelles,Garraf,4699,Barcelona,Catalunya
Capafonts,Baix Camp,111,Tarragona,Catalunya
Capellades,Anoia,5342,Barcelona,Catalunya
Capolat,Berguedà,84,Barcelona,Catalunya
Capçanes,Priorat,392,Tarragona,Catalunya
Cardedeu,Vallès Oriental,18424,Barcelona,Catalunya
Cardona,Bages,4639,Barcelona,Catalunya
Carme,Anoia,785,Barcelona,Catalunya
Caseres,Terra Alta,237,Tarragona,Catalunya
Casserres,Berguedà,1588,Barcelona,Catalunya
Cassà de la Selva,Gironès,10410,Girona,Catalunya
"Castell d'Aro, Platja d'Aro i s'Agaró",Baix Empordà,11030,Girona,Catalunya
Castell de Mur,Pallars Jussà,173,Lleida,Catalunya
Castell de l'Areny,Berguedà,67,Barcelona,Catalunya
Castellar de la Ribera,Solsonès,131,Lleida,Catalunya
Castellar de n'Hug,Berguedà,156,Barcelona,Catalunya
Castellar del Riu,Berguedà,176,Barcelona,Catalunya
Castellar del Vallès,Vallès Occidental,24488,Barcelona,Catalunya
Castellbell i el Vilar,Bages,3719,Barcelona,Catalunya
Castellbisbal,Vallès Occidental,12540,Barcelona,Catalunya
Castellcir,Moianès,742,Barcelona,Catalunya
Castelldans,Garrigues,930,Lleida,Catalunya
Castelldefels,Baix Llobregat,67460,Barcelona,Catalunya
Castellet i la Gornal,Alt Penedès,2382,Barcelona,Catalunya
Castellfollit de Riubregós,Anoia,162,Barcelona,Catalunya
Castellfollit de la Roca,Garrotxa,947,Girona,Catalunya
Castellfollit del Boix,Bages,447,Barcelona,Catalunya
Castellgalí,Bages,2119,Barcelona,Catalunya
Castellnou de Bages,Bages,1437,Barcelona,Catalunya
Castellnou de Seana,Pla d'Urgell,665,Lleida,Catalunya
Castellolí,Anoia,626,Barcelona,Catalunya
Castellserà,Urgell,996,Lleida,Catalunya
Castellterçol,Moianès,2548,Barcelona,Catalunya
Castellvell del Camp,Baix Camp,2828,Tarragona,Catalunya
Castellví de Rosanes,Baix Llobregat,1933,Barcelona,Catalunya
Castellví de la Marca,Alt Penedès,1575,Barcelona,Catalunya
Castelló d'Empúries,Alt Empordà,11100,Girona,Catalunya
Castelló de Farfanya,Noguera,539,Lleida,Catalunya
Cava,Alt Urgell,45,Lleida,Catalunya
Celrà,Gironès,5561,Girona,Catalunya
Centelles,Osona,7513,Barcelona,Catalunya
Cercs,Berguedà,1150,Barcelona,Catalunya
Cerdanyola del Vallès,Vallès Occidental,57855,Barcelona,Catalunya
Cervelló,Baix Llobregat,9077,Barcelona,Catalunya
Cervera,Segarra,9350,Lleida,Catalunya
Cervià de Ter,Gironès,966,Girona,Catalunya
Cervià de les Garrigues,Garrigues,662,Lleida,Catalunya
Cistella,Alt Empordà,282,Girona,Catalunya
Ciutadilla,Urgell,208,Lleida,Catalunya
Clariana de Cardener,Solsonès,161,Lleida,Catalunya
Colera,Alt Empordà,445,Girona,Catalunya
Coll de Nargó,Alt Urgell,540,Lleida,Catalunya
Collbató,Baix Llobregat,4544,Barcelona,Catalunya
Colldejou,Baix Camp,168,Tarragona,Catalunya
Collsuspina,Moianès,359,Barcelona,Catalunya
Colomers,Baix Empordà,174,Girona,Catalunya
Conca de Dalt,Pallars Jussà,410,Lleida,Catalunya
Conesa,Conca de Barberà,100,Tarragona,Catalunya
Constantí,Tarragonès,6665,Tarragona,Catalunya
Copons,Anoia,321,Barcelona,Catalunya
Corbera d'Ebre,Terra Alta,1003,Tarragona,Catalunya
Corbera de Llobregat,Baix Llobregat,14882,Barcelona,Catalunya
Corbins,Segrià,1462,Lleida,Catalunya
Cornellà de Llobregat,Baix Llobregat,89936,Barcelona,Catalunya
Cornellà del Terri,Pla de l'Estany,2399,Girona,Catalunya
Cornudella de Montsant,Priorat,944,Tarragona,Catalunya
Corçà,Baix Empordà,1268,Girona,Catalunya
Creixell,Tarragonès,3758,Tarragona,Catalunya
Crespià,Pla de l'Estany,254,Girona,Catalunya
"Cruïlles, Monells i Sant Sadurní de l'Heura",Baix Empordà,1270,Girona,Catalunya
Cubelles,Garraf,15770,Barcelona,Catalunya
Cubells,Noguera,338,Lleida,Catalunya
Cunit,Baix Penedès,13533,Tarragona,Catalunya
Cànoves i Samalús,Vallès Oriental,3156,Barcelona,Catalunya
Darnius,Alt Empordà,537,Girona,Catalunya
Das,Cerdanya,234,Girona,Catalunya
Deltebre,Baix Ebre,11578,Tarragona,Catalunya
Dosrius,Maresme,5652,Barcelona,Catalunya
Duesaigües,Baix Camp,244,Tarragona,Catalunya
Es Bòrdes,Vall d'Aran,255,Lleida,Catalunya
Esparreguera,Baix Llobregat,22302,Barcelona,Catalunya
Espinelves,Osona,221,Girona,Catalunya
Esplugues de Llobregat,Baix Llobregat,47150,Barcelona,Catalunya
Espolla,Alt Empordà,412,Girona,Catalunya
Esponellà,Pla de l'Estany,463,Girona,Catalunya
Espot,Pallars Sobirà,366,Lleida,Catalunya
Estamariu,Alt Urgell,125,Lleida,Catalunya
Estaràs,Segarra,156,Lleida,Catalunya
Esterri d'Àneu,Pallars Sobirà,804,Lleida,Catalunya
Esterri de Cardós,Pallars Sobirà,64,Lleida,Catalunya
Falset,Priorat,2735,Tarragona,Catalunya
Farrera,Pallars Sobirà,108,Lleida,Catalunya
Figueres,Alt Empordà,47235,Girona,Catalunya
Figuerola del Camp,Alt Camp,329,Tarragona,Catalunya
Flaçà,Gironès,1130,Girona,Catalunya
Flix,Ribera d'Ebre,3410,Tarragona,Catalunya
Fogars de Montclús,Vallès Oriental,475,Barcelona,Catalunya
Fogars de la Selva,Selva,1469,Girona,Catalunya
Foixà,Baix Empordà,303,Girona,Catalunya
Folgueroles,Osona,2265,Barcelona,Catalunya
Fondarella,Pla d'Urgell,776,Lleida,Catalunya
Fonollosa,Bages,1459,Barcelona,Catalunya
Font-rubí,Alt Penedès,1414,Barcelona,Catalunya
Fontanals de Cerdanya,Cerdanya,437,Girona,Catalunya
Fontanilles,Baix Empordà,146,Girona,Catalunya
Fontcoberta,Pla de l'Estany,1469,Girona,Catalunya
Foradada,Noguera,203,Lleida,Catalunya
Fornells de la Selva,Gironès,2670,Girona,Catalunya
Fortià,Alt Empordà,787,Girona,Catalunya
Forès,Conca de Barberà,43,Tarragona,Catalunya
Freginals,Montsià,385,Tarragona,Catalunya
Fulleda,Garrigues,102,Lleida,Catalunya
Fígols,Berguedà,43,Barcelona,Catalunya
Fígols i Alinyà,Alt Urgell,244,Lleida,Catalunya
Gaià,Bages,183,Barcelona,Catalunya
Gallifa,Vallès Occidental,167,Barcelona,Catalunya
Gandesa,Terra Alta,3096,Tarragona,Catalunya
Garcia,Ribera d'Ebre,527,Tarragona,Catalunya
Garrigoles,Baix Empordà,167,Girona,Catalunya
Garriguella,Alt Empordà,853,Girona,Catalunya
Garrigàs,Alt Empordà,451,Girona,Catalunya
Gavet de la Conca,Pallars Jussà,261,Lleida,Catalunya
Gavà,Baix Llobregat,47057,Barcelona,Catalunya
Gelida,Alt Penedès,7670,Barcelona,Catalunya
Ger,Cerdanya,449,Girona,Catalunya
Gimenells i el Pla de la Font,Segrià,1120,Lleida,Catalunya
Ginestar,Ribera d'Ebre,764,Tarragona,Catalunya
Girona,Gironès,103369,Girona,Catalunya
Gironella,Berguedà,4946,Barcelona,Catalunya
Gisclareny,Berguedà,26,Barcelona,Catalunya
Godall,Montsià,598,Tarragona,Catalunya
Golmés,Pla d'Urgell,1855,Lleida,Catalunya
Gombrèn,Ripollès,192,Girona,Catalunya
Granera,Moianès,77,Barcelona,Catalunya
Granollers,Vallès Oriental,62419,Barcelona,Catalunya
Granyanella,Segarra,143,Lleida,Catalunya
Granyena de Segarra,Segarra,151,Lleida,Catalunya
Granyena de les Garrigues,Garrigues,140,Lleida,Catalunya
Gratallops,Priorat,237,Tarragona,Catalunya
Gualba,Vallès Oriental,1548,Barcelona,Catalunya
Gualta,Baix Empordà,402,Girona,Catalunya
Guardiola de Berguedà,Berguedà,941,Barcelona,Catalunya
Guils de Cerdanya,Cerdanya,549,Girona,Catalunya
Guimerà,Urgell,271,Lleida,Catalunya
Guissona,Segarra,7248,Lleida,Catalunya
Guixers,Solsonès,132,Lleida,Catalunya
Gurb,Osona,2713,Barcelona,Catalunya
Gósol,Berguedà,206,Lleida,Catalunya
Horta de Sant Joan,Terra Alta,1146,Tarragona,Catalunya
Hostalric,Selva,4291,Girona,Catalunya
Igualada,Anoia,40742,Barcelona,Catalunya
Isona i Conca Dellà,Pallars Jussà,1042,Lleida,Catalunya
Isòvol,Cerdanya,281,Girona,Catalunya
Ivars d'Urgell,Pla d'Urgell,1537,Lleida,Catalunya
Ivars de Noguera,Noguera,332,Lleida,Catalunya
Ivorra,Segarra,108,Lleida,Catalunya
Jafre,Baix Empordà,387,Girona,Catalunya
Jorba,Anoia,833,Barcelona,Catalunya
Josa i Tuixén,Alt Urgell,103,Lleida,Catalunya
Juià,Gironès,319,Girona,Catalunya
Juncosa,Garrigues,395,Lleida,Catalunya
Juneda,Garrigues,3501,Lleida,Catalunya
L'Estany,Moianès,408,Barcelona,Catalunya
Les,Vall d'Aran,971,Lleida,Catalunya
Linyola,Pla d'Urgell,2717,Lleida,Catalunya
Lladorre,Pallars Sobirà,237,Lleida,Catalunya
Lladurs,Solsonès,180,Lleida,Catalunya
Llagostera,Gironès,8647,Girona,Catalunya
Llambilles,Gironès,713,Girona,Catalunya
Llanars,Ripollès,535,Girona,Catalunya
Llançà,Alt Empordà,4775,Girona,Catalunya
Llardecans,Segrià,444,Lleida,Catalunya
Llavorsí,Pallars Sobirà,346,Lleida,Catalunya
Lledó,Alt Empordà,844,Girona,Catalunya
Lleida,Segrià,140403,Lleida,Catalunya
Llers,Alt Empordà,1237,Girona,Catalunya
Lles de Cerdanya,Cerdanya,270,Lleida,Catalunya
Llimiana,Pallars Jussà,146,Lleida,Catalunya
Llinars del Vallès,Vallès Oriental,10018,Barcelona,Catalunya
Lliçà d'Amunt,Vallès Oriental,15469,Barcelona,Catalunya
Lliçà de Vall,Vallès Oriental,6497,Barcelona,Catalunya
Llobera,Solsonès,188,Lleida,Catalunya
Llorac,Conca de Barberà,91,Tarragona,Catalunya
Llorenç del Penedès,Baix Penedès,2395,Tarragona,Catalunya
Lloret de Mar,Selva,39089,Girona,Catalunya
Lluçà,Lluçanès,276,Barcelona,Catalunya
Llívia,Cerdanya,1431,Girona,Catalunya
Madremanya,Gironès,288,Girona,Catalunya
Maials,Segrià,909,Lleida,Catalunya
Maià de Montcal,Garrotxa,463,Girona,Catalunya
Maldà,Urgell,227,Lleida,Catalunya
Malgrat de Mar,Maresme,18772,Barcelona,Catalunya
Malla,Osona,272,Barcelona,Catalunya
Manlleu,Osona,20912,Barcelona,Catalunya
Manresa,Bages,78245,Barcelona,Catalunya
Margalef,Priorat,106,Tarragona,Catalunya
Marganell,Bages,266,Barcelona,Catalunya
Martorell,Baix Llobregat,28772,Barcelona,Catalunya
Martorelles,Vallès Oriental,4820,Barcelona,Catalunya
Marçà,Priorat,600,Tarragona,Catalunya
Mas de Barberans,Montsià,564,Tarragona,Catalunya
Masarac,Alt Empordà,288,Girona,Catalunya
Masdenverge,Montsià,1071,Tarragona,Catalunya
Masllorenç,Baix Penedès,505,Tarragona,Catalunya
Maspujols,Baix Camp,823,Tarragona,Catalunya
Masquefa,Anoia,9402,Barcelona,Catalunya
Massalcoreig,Segrià,610,Lleida,Catalunya
Massanes,Selva,796,Girona,Catalunya
Massoteres,Segarra,212,Lleida,Catalunya
Matadepera,Vallès Occidental,9496,Barcelona,Catalunya
Mataró,Maresme,129661,Barcelona,Catalunya
Maçanet de Cabrenys,Alt Empordà,698,Girona,Catalunya
Maçanet de la Selva,Selva,7066,Girona,Catalunya
Mediona,Alt Penedès,2369,Barcelona,Catalunya
Menàrguens,Noguera,813,Lleida,Catalunya
Meranges,Cerdanya,100,Girona,Catalunya
Mieres,Garrotxa,345,Girona,Catalunya
Miralcamp,Pla d'Urgell,1385,Lleida,Catalunya
Miravet,Ribera d'Ebre,706,Tarragona,Catalunya
Moià,Moianès,6383,Barcelona,Catalunya
Molins de Rei,Baix Llobregat,25940,Barcelona,Catalunya
Mollerussa,Pla d'Urgell,14649,Lleida,Catalunya
Mollet de Peralada,Alt Empordà,198,Girona,Catalunya
Mollet del Vallès,Vallès Oriental,51600,Barcelona,Catalunya
Molló,Ripollès,336,Girona,Catalunya
Monistrol de Calders,Moianès,702,Barcelona,Catalunya
Monistrol de Montserrat,Bages,3139,Barcelona,Catalunya
Mont-ral,Alt Camp,168,Tarragona,Catalunya
Mont-ras,Baix Empordà,1680,Girona,Catalunya
Mont-roig del Camp,Baix Camp,12460,Tarragona,Catalunya
Montagut i Oix,Garrotxa,930,Girona,Catalunya
Montblanc,Conca de Barberà,7379,Tarragona,Catalunya
Montbrió del Camp,Baix Camp,2909,Tarragona,Catalunya
Montcada i Reixac,Vallès Occidental,36803,Barcelona,Catalunya
Montclar,Berguedà,139,Barcelona,Catalunya
Montellà i Martinet,Cerdanya,578,Lleida,Catalunya
Montesquiu,Osona,1030,Barcelona,Catalunya
Montferrer i Castellbò,Alt Urgell,1034,Lleida,Catalunya
Montferri,Alt Camp,403,Tarragona,Catalunya
Montgai,Noguera,643,Lleida,Catalunya
Montgat,Maresme,12200,Barcelona,Catalunya
Montmajor,Berguedà,469,Barcelona,Catalunya
Montmaneu,Anoia,151,Barcelona,Catalunya
Montmeló,Vallès Oriental,8831,Barcelona,Catalunya
Montoliu de Lleida,Segrià,483,Lleida,Catalunya
Montoliu de Segarra,Segarra,187,Lleida,Catalunya
Montornès de Segarra,Segarra,96,Lleida,Catalunya
Montornès del Vallès,Vallès Oriental,16644,Barcelona,Catalunya
Montseny,Vallès Oriental,351,Barcelona,Catalunya
Muntanyola,Osona,632,Barcelona,Catalunya
Mura,Bages,220,Barcelona,Catalunya
Móra d'Ebre,Ribera d'Ebre,5695,Tarragona,Catalunya
Móra la Nova,Ribera d'Ebre,3108,Tarragona,Catalunya
Nalec,Urgell,90,Lleida,Catalunya
Naut Aran,Vall d'Aran,1836,Lleida,Catalunya
Navarcles,Bages,6057,Barcelona,Catalunya
Navars,Bages,6018,Barcelona,Catalunya
Navata,Alt Empordà,1427,Girona,Catalunya
Navès,Solsonès,284,Lleida,Catalunya
Nulles,Alt Camp,509,Tarragona,Catalunya
Odèn,Solsonès,258,Lleida,Catalunya
Ogassa,Ripollès,240,Girona,Catalunya
Olesa de Bonesvalls,Alt Penedès,1840,Barcelona,Catalunya
Olesa de Montserrat,Baix Llobregat,24144,Barcelona,Catalunya
Oliana,Alt Urgell,1843,Lleida,Catalunya
Oliola,Noguera,203,Lleida,Catalunya
Olius,Solsonès,981,Lleida,Catalunya
Olivella,Garraf,3935,Barcelona,Catalunya
Olost,Lluçanès,1202,Barcelona,Catalunya
Olot,Garrotxa,35926,Girona,Catalunya
Olvan,Berguedà,858,Barcelona,Catalunya
Olèrdola,Alt Penedès,3768,Barcelona,Catalunya
Ordis,Alt Empordà,361,Girona,Catalunya
Organyà,Alt Urgell,771,Lleida,Catalunya
Oristà,Lluçanès,549,Barcelona,Catalunya
Orpí,Anoia,151,Barcelona,Catalunya
Orís,Osona,322,Barcelona,Catalunya
Os de Balaguer,Noguera,980,Lleida,Catalunya
Osor,Selva,428,Girona,Catalunya
Ossó de Sió,Urgell,203,Lleida,Catalunya
Pacs del Penedès,Alt Penedès,918,Barcelona,Catalunya
Palafolls,Maresme,9613,Barcelona,Catalunya
Palafrugell,Baix Empordà,23244,Girona,Catalunya
Palamós,Baix Empordà,18135,Girona,Catalunya
Palau de Santa Eulàlia,Alt Empordà,90,Girona,Catalunya
Palau-sator,Baix Empordà,310,Girona,Catalunya
Palau-saverdera,Alt Empordà,1456,Girona,Catalunya
Palau-solità i Plegamans,Vallès Occidental,14892,Barcelona,Catalunya
Pallejà,Baix Llobregat,11622,Barcelona,Catalunya
Palol de Revardit,Pla de l'Estany,448,Girona,Catalunya
Pals,Baix Empordà,2395,Girona,Catalunya
Pardines,Ripollès,169,Girona,Catalunya
Parets del Vallès,Vallès Oriental,19071,Barcelona,Catalunya
Parlavà,Baix Empordà,391,Girona,Catalunya
Passanant i Belltall,Conca de Barberà,155,Tarragona,Catalunya
Pau,Alt Empordà,557,Girona,Catalunya
Paüls,Baix Ebre,545,Tarragona,Catalunya
Pedret i Marzà,Alt Empordà,191,Girona,Catalunya
Penelles,Noguera,436,Lleida,Catalunya
Perafita,Lluçanès,405,Barcelona,Catalunya
Perafort,Tarragonès,1264,Tarragona,Catalunya
Peralada,Alt Empordà,1898,Girona,Catalunya
Peramola,Alt Urgell,347,Lleida,Catalunya
Piera,Anoia,16134,Barcelona,Catalunya
Pineda de Mar,Maresme,27984,Barcelona,Catalunya
Pinell de Solsonès,Solsonès,193,Lleida,Catalunya
Pinós,Solsonès,286,Lleida,Catalunya
Pira,Conca de Barberà,503,Tarragona,Catalunya
Planoles,Ripollès,304,Girona,Catalunya
Poboleda,Priorat,321,Tarragona,Catalunya
Polinyà,Vallès Occidental,8504,Barcelona,Catalunya
Pont de Molins,Alt Empordà,516,Girona,Catalunya
Pontils,Conca de Barberà,122,Tarragona,Catalunya
Pontons,Alt Penedès,528,Barcelona,Catalunya
Ponts,Noguera,2644,Lleida,Catalunya
Pontós,Alt Empordà,260,Girona,Catalunya
Porqueres,Pla de l'Estany,4677,Girona,Catalunya
Porrera,Priorat,424,Tarragona,Catalunya
Portbou,Alt Empordà,1063,Girona,Catalunya
Pradell de la Teixeta,Priorat,158,Tarragona,Catalunya
Prades,Baix Camp,588,Tarragona,Catalunya
Prat de Comte,Terra Alta,177,Tarragona,Catalunya
Pratdip,Baix Camp,726,Tarragona,Catalunya
Prats de Lluçanès,Lluçanès,2604,Barcelona,Catalunya
Prats i Sansor,Cerdanya,222,Lleida,Catalunya
Preixana,Urgell,387,Lleida,Catalunya
Preixens,Noguera,418,Lleida,Catalunya
Premià de Dalt,Maresme,10441,Barcelona,Catalunya
Premià de Mar,Maresme,28531,Barcelona,Catalunya
Prullans,Cerdanya,226,Lleida,Catalunya
Puig-reig,Berguedà,4295,Barcelona,Catalunya
Puigcerdà,Cerdanya,9486,Girona,Catalunya
Puigdàlber,Alt Penedès,524,Barcelona,Catalunya
Puiggròs,Garrigues,278,Lleida,Catalunya
Puigpelat,Alt Camp,1163,Tarragona,Catalunya
Puigverd d'Agramunt,Urgell,229,Lleida,Catalunya
Puigverd de Lleida,Segrià,1349,Lleida,Catalunya
Pujalt,Anoia,210,Barcelona,Catalunya
Quart,Gironès,3798,Girona,Catalunya
Queralbs,Ripollès,188,Girona,Catalunya
Querol,Alt Camp,518,Tarragona,Catalunya
Rabós,Alt Empordà,184,Girona,Catalunya
Rajadell,Bages,534,Barcelona,Catalunya
Rasquera,Ribera d'Ebre,783,Tarragona,Catalunya
Regencós,Baix Empordà,276,Girona,Catalunya
Rellinars,Vallès Occidental,809,Barcelona,Catalunya
Renau,Tarragonès,162,Tarragona,Catalunya
Reus,Baix Camp,106168,Tarragona,Catalunya
Rialb,Pallars Sobirà,641,Lleida,Catalunya
Riba-roja d'Ebre,Ribera d'Ebre,1110,Tarragona,Catalunya
Ribera d'Ondara,Segarra,433,Lleida,Catalunya
Ribera d'Urgellet,Alt Urgell,932,Lleida,Catalunya
Ribes de Freser,Ripollès,1760,Girona,Catalunya
Riells i Viabrea,Selva,4153,Girona,Catalunya
Riner,Solsonès,263,Lleida,Catalunya
Ripoll,Ripollès,10803,Girona,Catalunya
Ripollet,Vallès Occidental,39179,Barcelona,Catalunya
Riu de Cerdanya,Cerdanya,93,Lleida,Catalunya
Riudarenes,Selva,2204,Girona,Catalunya
Riudaura,Garrotxa,481,Girona,Catalunya
Riudecanyes,Baix Camp,1146,Tarragona,Catalunya
Riudecols,Baix Camp,1189,Tarragona,Catalunya
Riudellots de la Selva,Selva,2071,Girona,Catalunya
Riudoms,Baix Camp,6569,Tarragona,Catalunya
Riumors,Alt Empordà,246,Girona,Catalunya
Rocafort de Queralt,Conca de Barberà,211,Tarragona,Catalunya
Roda de Berà,Tarragonès,6785,Tarragona,Catalunya
Roda de Ter,Osona,6490,Barcelona,Catalunya
Rodonyà,Alt Camp,494,Tarragona,Catalunya
Roquetes,Baix Ebre,8079,Tarragona,Catalunya
Roses,Alt Empordà,19807,Girona,Catalunya
Rosselló,Segrià,3237,Lleida,Catalunya
Rubió,Anoia,239,Barcelona,Catalunya
Rubí,Vallès Occidental,78591,Barcelona,Catalunya
Rupit i Pruit,Osona,271,Barcelona,Catalunya
Rupià,Baix Empordà,273,Girona,Catalunya
Sabadell,Vallès Occidental,216520,Barcelona,Catalunya
Sagàs,Berguedà,145,Barcelona,Catalunya
Saldes,Berguedà,278,Barcelona,Catalunya
Sales de Llierca,Garrotxa,159,Girona,Catalunya
Sallent,Bages,6735,Barcelona,Catalunya
Salomó,Tarragonès,549,Tarragona,Catalunya
Salou,Tarragonès,28526,Tarragona,Catalunya
Salt,Gironès,32138,Girona,Catalunya
Salàs de Pallars,Pallars Jussà,327,Lleida,Catalunya
Sanaüja,Segarra,379,Lleida,Catalunya
Sant Adrià de Besòs,Barcelonès,37447,Barcelona,Catalunya
Sant Agustí de Lluçanès,Osona,89,Barcelona,Catalunya
Sant Andreu Salou,Gironès,160,Girona,Catalunya
Sant Andreu de Llavaneres,Maresme,11133,Barcelona,Catalunya
Sant Andreu de la Barca,Baix Llobregat,27569,Barcelona,Catalunya
Sant Aniol de Finestres,Garrotxa,345,Girona,Catalunya
Sant Antoni de Vilamajor,Vallès Oriental,6208,Barcelona,Catalunya
Sant Bartomeu del Grau,Osona,884,Barcelona,Catalunya
Sant Boi de Llobregat,Baix Llobregat,84500,Barcelona,Catalunya
Sant Boi de Lluçanès,Osona,580,Barcelona,Catalunya
Sant Cebrià de Vallalta,Maresme,3438,Barcelona,Catalunya
Sant Celoni,Vallès Oriental,18136,Barcelona,Catalunya
Sant Climent Sescebes,Alt Empordà,707,Girona,Catalunya
Sant Climent de Llobregat,Baix Llobregat,4160,Barcelona,Catalunya
Sant Cugat Sesgarrigues,Alt Penedès,1009,Barcelona,Catalunya
Sant Cugat del Vallès,Vallès Occidental,92977,Barcelona,Catalunya
Sant Esteve Sesrovires,Baix Llobregat,7696,Barcelona,Catalunya
Sant Esteve de Palautordera,Vallès Oriental,2864,Barcelona,Catalunya
Sant Esteve de la Sarga,Pallars Jussà,122,Lleida,Catalunya
Sant Feliu Sasserra,Bages,605,Barcelona,Catalunya
Sant Feliu de Buixalleu,Selva,797,Girona,Catalunya
Sant Feliu de Codines,Vallès Oriental,6363,Barcelona,Catalunya
Sant Feliu de Guíxols,Baix Empordà,22097,Girona,Catalunya
Sant Feliu de Llobregat,Baix Llobregat,45467,Barcelona,Catalunya
Sant Feliu de Pallerols,Garrotxa,1437,Girona,Catalunya
Sant Ferriol,Garrotxa,236,Girona,Catalunya
Sant Fost de Campsentelles,Vallès Oriental,8853,Barcelona,Catalunya
Sant Fruitós de Bages,Bages,8837,Barcelona,Catalunya
Sant Gregori,Gironès,3928,Girona,Catalunya
Sant Guim de Freixenet,Segarra,1037,Lleida,Catalunya
Sant Guim de la Plana,Segarra,181,Lleida,Catalunya
Sant Hilari Sacalm,Selva,5703,Girona,Catalunya
Sant Hipòlit de Voltregà,Osona,3540,Barcelona,Catalunya
Sant Iscle de Vallalta,Maresme,1342,Barcelona,Catalunya
Sant Jaume d'Enveja,Montsià,3527,Tarragona,Catalunya
Sant Jaume de Frontanyà,Berguedà,30,Barcelona,Catalunya
Sant Jaume de Llierca,Garrotxa,871,Girona,Catalunya
Sant Jaume dels Domenys,Baix Penedès,2624,Tarragona,Catalunya
Sant Joan Despí,Baix Llobregat,34267,Barcelona,Catalunya
Sant Joan de Mollet,Gironès,498,Girona,Catalunya
Sant Joan de Vilatorrada,Bages,10998,Barcelona,Catalunya
Sant Joan de les Abadesses,Ripollès,3224,Girona,Catalunya
Sant Joan les Fonts,Garrotxa,3044,Girona,Catalunya
Sant Jordi Desvalls,Gironès,760,Girona,Catalunya
Sant Julià de Cerdanyola,Berguedà,229,Barcelona,Catalunya
Sant Julià de Ramis,Gironès,3576,Girona,Catalunya
Sant Julià de Vilatorta,Osona,3140,Barcelona,Catalunya
Sant Julià del Llor i Bonmatí,Selva,1313,Girona,Catalunya
Sant Just Desvern,Baix Llobregat,18670,Barcelona,Catalunya
Sant Llorenç Savall,Vallès Occidental,2417,Barcelona,Catalunya
Sant Llorenç d'Hortons,Alt Penedès,2428,Barcelona,Catalunya
Sant Llorenç de Morunys,Solsonès,960,Lleida,Catalunya
Sant Llorenç de la Muga,Alt Empordà,265,Girona,Catalunya
Sant Martí Sarroca,Alt Penedès,3261,Barcelona,Catalunya
Sant Martí Sesgueioles,Anoia,342,Barcelona,Catalunya
Sant Martí Vell,Gironès,251,Girona,Catalunya
Sant Martí d'Albars,Lluçanès,114,Barcelona,Catalunya
Sant Martí de Centelles,Osona,1184,Barcelona,Catalunya
Sant Martí de Llémena,Gironès,641,Girona,Catalunya
Sant Martí de Riucorb,Urgell,639,Lleida,Catalunya
Sant Martí de Tous,Anoia,1228,Barcelona,Catalunya
Sant Mateu de Bages,Bages,608,Barcelona,Catalunya
Sant Miquel de Campmajor,Pla de l'Estany,229,Girona,Catalunya
Sant Miquel de Fluvià,Alt Empordà,761,Girona,Catalunya
Sant Mori,Alt Empordà,166,Girona,Catalunya
Sant Pau de Segúries,Ripollès,688,Girona,Catalunya
Sant Pere Pescador,Alt Empordà,2090,Girona,Catalunya
Sant Pere Sallavinera,Anoia,151,Barcelona,Catalunya
Sant Pere de Ribes,Garraf,31111,Barcelona,Catalunya
Sant Pere de Riudebitlles,Alt Penedès,2380,Barcelona,Catalunya
Sant Pere de Torelló,Osona,2470,Barcelona,Catalunya
Sant Pere de Vilamajor,Vallès Oriental,4544,Barcelona,Catalunya
Sant Pol de Mar,Maresme,5428,Barcelona,Catalunya
Sant Quintí de Mediona,Alt Penedès,2317,Barcelona,Catalunya
Sant Quirze Safaja,Moianès,631,Barcelona,Catalunya
Sant Quirze de Besora,Osona,2154,Barcelona,Catalunya
Sant Quirze del Vallès,Vallès Occidental,20195,Barcelona,Catalunya
Sant Ramon,Segarra,487,Lleida,Catalunya
Sant Sadurní d'Anoia,Alt Penedès,12841,Barcelona,Catalunya
Sant Sadurní d'Osormort,Osona,76,Barcelona,Catalunya
Sant Salvador de Guardiola,Bages,3221,Barcelona,Catalunya
Sant Vicenç de Castellet,Bages,9767,Barcelona,Catalunya
Sant Vicenç de Montalt,Maresme,6452,Barcelona,Catalunya
Sant Vicenç de Torelló,Osona,2058,Barcelona,Catalunya
Sant Vicenç dels Horts,Baix Llobregat,28268,Barcelona,Catalunya
Santa Bàrbara,Montsià,3715,Tarragona,Catalunya
Santa Cecília de Voltregà,Osona,182,Barcelona,Catalunya
Santa Coloma de Cervelló,Baix Llobregat,8268,Barcelona,Catalunya
Santa Coloma de Farners,Selva,13363,Girona,Catalunya
Santa Coloma de Gramenet,Barcelonès,120443,Barcelona,Catalunya
Santa Coloma de Queralt,Conca de Barberà,2672,Tarragona,Catalunya
Santa Cristina d'Aro,Baix Empordà,5287,Girona,Catalunya
Santa Eugènia de Berga,Osona,2278,Barcelona,Catalunya
Santa Eulàlia de Riuprimer,Osona,1383,Barcelona,Catalunya
Santa Eulàlia de Ronçana,Vallès Oriental,7426,Barcelona,Catalunya
Santa Fe del Penedès,Alt Penedès,367,Barcelona,Catalunya
Santa Llogaia d'Àlguema,Alt Empordà,368,Girona,Catalunya
Santa Margarida de Montbui,Anoia,10225,Barcelona,Catalunya
Santa Margarida i els Monjos,Alt Penedès,7676,Barcelona,Catalunya
Santa Maria d'Oló,Moianès,1024,Barcelona,Catalunya
Santa Maria de Besora,Osona,161,Barcelona,Catalunya
Santa Maria de Martorelles,Vallès Oriental,890,Barcelona,Catalunya
Santa Maria de Merlès,Berguedà,184,Barcelona,Catalunya
Santa Maria de Miralles,Anoia,119,Barcelona,Catalunya
Santa Maria de Palautordera,Vallès Oriental,9630,Barcelona,Catalunya
Santa Oliva,Baix Penedès,3353,Tarragona,Catalunya
Santa Pau,Garrotxa,1614,Girona,Catalunya
Santa Perpètua de Mogoda,Vallès Occidental,25999,Barcelona,Catalunya
Santa Susanna,Maresme,3548,Barcelona,Catalunya
Santpedor,Bages,7604,Barcelona,Catalunya
Sarral,Conca de Barberà,1538,Tarragona,Catalunya
Sarrià de Ter,Gironès,5229,Girona,Catalunya
Sarroca de Bellera,Pallars Jussà,116,Lleida,Catalunya
Sarroca de Lleida,Segrià,358,Lleida,Catalunya
"Saus, Camallera i Llampaies",Alt Empordà,856,Girona,Catalunya
Savallà del Comtat,Conca de Barberà,53,Tarragona,Catalunya
Senan,Conca de Barberà,44,Tarragona,Catalunya
Senterada,Pallars Jussà,139,Lleida,Catalunya
Sentmenat,Vallès Occidental,9235,Barcelona,Catalunya
Serinyà,Pla de l'Estany,1133,Girona,Catalunya
Serra de Daró,Baix Empordà,222,Girona,Catalunya
Seròs,Segrià,1946,Lleida,Catalunya
Setcases,Ripollès,170,Girona,Catalunya
Seva,Osona,3544,Barcelona,Catalunya
Sidamon,Pla d'Urgell,748,Lleida,Catalunya
Sils,Selva,6219,Girona,Catalunya
Sitges,Garraf,29553,Barcelona,Catalunya
Siurana,Alt Empordà,171,Girona,Catalunya
Sobremunt,Lluçanès,78,Barcelona,Catalunya
Solivella,Conca de Barberà,632,Tarragona,Catalunya
Solsona,Solsonès,9137,Lleida,Catalunya
Sora,Osona,212,Barcelona,Catalunya
Soriguera,Pallars Sobirà,420,Lleida,Catalunya
Sort,Pallars Sobirà,2154,Lleida,Catalunya
Soses,Segrià,1761,Lleida,Catalunya
Subirats,Alt Penedès,3104,Barcelona,Catalunya
Sudanell,Segrià,840,Lleida,Catalunya
Sunyer,Segrià,343,Lleida,Catalunya
Susqueda,Selva,93,Girona,Catalunya
Súria,Bages,5948,Barcelona,Catalunya
Tagamanent,Vallès Oriental,318,Barcelona,Catalunya
Talamanca,Bages,209,Barcelona,Catalunya
Talarn,Pallars Jussà,595,Lleida,Catalunya
Talavera,Segarra,279,Lleida,Catalunya
Taradell,Osona,6640,Barcelona,Catalunya
Tarragona,Tarragonès,136496,Tarragona,Catalunya
Tarroja de Segarra,Segarra,188,Lleida,Catalunya
Tarrés,Garrigues,102,Lleida,Catalunya
Tavertet,Osona,105,Barcelona,Catalunya
Tavèrnoles,Osona,322,Barcelona,Catalunya
Teià,Maresme,6427,Barcelona,Catalunya
Terrades,Alt Empordà,338,Girona,Catalunya
Terrassa,Vallès Occidental,223627,Barcelona,Catalunya
Torrelavit,Alt Penedès,1422,Barcelona,Catalunya
Tiana,Maresme,8945,Barcelona,Catalunya
Tiurana,Noguera,77,Lleida,Catalunya
Tivenys,Baix Ebre,902,Tarragona,Catalunya
Tivissa,Ribera d'Ebre,1619,Tarragona,Catalunya
Tona,Osona,8356,Barcelona,Catalunya
Tordera,Maresme,17519,Barcelona,Catalunya
Torelló,Osona,14400,Barcelona,Catalunya
Tornabous,Urgell,822,Lleida,Catalunya
Torre-serona,Segrià,398,Lleida,Catalunya
Torrebesses,Segrià,267,Lleida,Catalunya
Torredembarra,Tarragonès,16567,Tarragona,Catalunya
Torrefarrera,Segrià,4694,Lleida,Catalunya
Torrefeta i Florejacs,Segarra,607,Lleida,Catalunya
Torregrossa,Pla d'Urgell,2179,Lleida,Catalunya
Torrelameu,Noguera,735,Lleida,Catalunya
Torrelles de Foix,Alt Penedès,2398,Barcelona,Catalunya
Torrelles de Llobregat,Baix Llobregat,6073,Barcelona,Catalunya
Torrent,Baix Empordà,164,Girona,Catalunya
Torres de Segre,Segrià,2366,Lleida,Catalunya
Torroella de Fluvià,Alt Empordà,703,Girona,Catalunya
Torroella de Montgrí,Baix Empordà,11836,Girona,Catalunya
Torroja del Priorat,Priorat,152,Tarragona,Catalunya
Tortellà,Garrotxa,818,Girona,Catalunya
Tortosa,Baix Ebre,33439,Tarragona,Catalunya
Torà,Solsonès,1237,Lleida,Catalunya
Toses,Ripollès,168,Girona,Catalunya
Tossa de Mar,Selva,5818,Girona,Catalunya
Tremp,Pallars Jussà,5911,Lleida,Catalunya
Tàrrega,Urgell,17445,Lleida,Catalunya
Térmens,Noguera,1360,Lleida,Catalunya
Tírvia,Pallars Sobirà,134,Lleida,Catalunya
Ullastrell,Vallès Occidental,2089,Barcelona,Catalunya
Ullastret,Baix Empordà,274,Girona,Catalunya
Ulldecona,Montsià,6525,Tarragona,Catalunya
Ulldemolins,Priorat,398,Tarragona,Catalunya
Ullà,Baix Empordà,1177,Girona,Catalunya
Ultramort,Baix Empordà,225,Girona,Catalunya
Urús,Cerdanya,196,Girona,Catalunya
Vacarisses,Vallès Occidental,6832,Barcelona,Catalunya
Vall de Cardós,Pallars Sobirà,350,Lleida,Catalunya
Vall-llobrega,Baix Empordà,897,Girona,Catalunya
Vallbona d'Anoia,Anoia,1357,Barcelona,Catalunya
Vallbona de les Monges,Urgell,243,Lleida,Catalunya
Vallcebre,Berguedà,249,Barcelona,Catalunya
Vallclara,Conca de Barberà,88,Tarragona,Catalunya
Vallfogona de Balaguer,Noguera,1906,Lleida,Catalunya
Vallfogona de Ripollès,Ripollès,196,Girona,Catalunya
Vallfogona de Riucorb,Conca de Barberà,77,Tarragona,Catalunya
Vallgorguina,Vallès Oriental,2988,Barcelona,Catalunya
Vallirana,Baix Llobregat,15312,Barcelona,Catalunya
Vallmoll,Alt Camp,1774,Tarragona,Catalunya
Vallromanes,Vallès Oriental,2558,Barcelona,Catalunya
Valls,Alt Camp,24477,Tarragona,Catalunya
Vandellòs i l'Hospitalet de l'Infant,Baix Camp,6603,Tarragona,Catalunya
Veciana,Anoia,175,Barcelona,Catalunya
Ventalló,Alt Empordà,846,Girona,Catalunya
Verdú,Urgell,902,Lleida,Catalunya
Verges,Baix Empordà,1169,Girona,Catalunya
Vespella de Gaià,Tarragonès,417,Tarragona,Catalunya
Vic,Osona,47630,Barcelona,Catalunya
Vidreres,Selva,7951,Girona,Catalunya
Vidrà,Osona,177,Girona,Catalunya
Vielha e Mijaran,Vall d'Aran,5611,Lleida,Catalunya
Vila-rodona,Alt Camp,1276,Tarragona,Catalunya
Vila-sacra,Alt Empordà,758,Girona,Catalunya
Vila-sana,Pla d'Urgell,734,Lleida,Catalunya
Vila-seca,Tarragonès,22555,Tarragona,Catalunya
Vilabella,Alt Camp,729,Tarragona,Catalunya
Vilabertran,Alt Empordà,993,Girona,Catalunya
Vilablareix,Gironès,3063,Girona,Catalunya
Vilada,Berguedà,419,Barcelona,Catalunya
Viladamat,Alt Empordà,458,Girona,Catalunya
Viladasens,Gironès,206,Girona,Catalunya
Viladecans,Baix Llobregat,67197,Barcelona,Catalunya
Viladecavalls,Vallès Occidental,7545,Barcelona,Catalunya
Vilademuls,Pla de l'Estany,835,Girona,Catalunya
Viladrau,Osona,1047,Girona,Catalunya
Vilafant,Alt Empordà,5421,Girona,Catalunya
Vilafranca del Penedès,Alt Penedès,40154,Barcelona,Catalunya
Vilagrassa,Urgell,560,Lleida,Catalunya
Vilajuïga,Alt Empordà,1116,Girona,Catalunya
Vilalba Sasserra,Vallès Oriental,753,Barcelona,Catalunya
Vilalba dels Arcs,Terra Alta,621,Tarragona,Catalunya
Vilaller,Alta Ribagorça,549,Lleida,Catalunya
Vilallonga de Ter,Ripollès,398,Girona,Catalunya
Vilallonga del Camp,Tarragonès,2405,Tarragona,Catalunya
Vilamacolum,Alt Empordà,377,Girona,Catalunya
Vilamalla,Alt Empordà,1161,Girona,Catalunya
Vilamaniscle,Alt Empordà,212,Girona,Catalunya
Vilamòs,Vall d'Aran,178,Lleida,Catalunya
Vilanant,Alt Empordà,386,Girona,Catalunya
Vilanova d'Escornalbou,Baix Camp,565,Tarragona,Catalunya
Vilanova de Bellpuig,Pla d'Urgell,1183,Lleida,Catalunya
Vilanova de Meià,Noguera,415,Lleida,Catalunya
Vilanova de Prades,Conca de Barberà,107,Tarragona,Catalunya
Vilanova de Sau,Osona,312,Barcelona,Catalunya
Vilanova de Segrià,Segrià,985,Lleida,Catalunya
Vilanova de l'Aguda,Noguera,200,Lleida,Catalunya
Vilanova de la Barca,Segrià,1088,Lleida,Catalunya
Vilanova del Camí,Anoia,12596,Barcelona,Catalunya
Vilanova del Vallès,Vallès Oriental,5503,Barcelona,Catalunya
Vilanova i la Geltrú,Garraf,67733,Barcelona,Catalunya
Vilaplana,Baix Camp,555,Tarragona,Catalunya
Vilassar de Dalt,Maresme,9072,Barcelona,Catalunya
Vilassar de Mar,Maresme,21035,Barcelona,Catalunya
Vilaverd,Conca de Barberà,443,Tarragona,Catalunya
Vilaür,Alt Empordà,158,Girona,Catalunya
Vilobí d'Onyar,Selva,3333,Girona,Catalunya
Vilobí del Penedès,Alt Penedès,1102,Barcelona,Catalunya
Vilopriu,Baix Empordà,204,Girona,Catalunya
Vimbodí i Poblet,Conca de Barberà,890,Tarragona,Catalunya
Vinaixa,Garrigues,450,Lleida,Catalunya
Vinebre,Ribera d'Ebre,425,Tarragona,Catalunya
Vinyols i els Arcs,Baix Camp,2124,Tarragona,Catalunya
Viver i Serrateix,Berguedà,172,Barcelona,Catalunya
"Vulpellac, Fonteta i Peratallada",Baix Empordà,1695,Girona,Catalunya
Xerta,Baix Ebre,1154,Tarragona,Catalunya
el Bruc,Anoia,2110,Barcelona,Catalunya
el Brull,Osona,258,Barcelona,Catalunya
el Catllar,Tarragonès,4557,Tarragona,Catalunya
el Cogul,Garrigues,151,Lleida,Catalunya
el Far d'Empordà,Alt Empordà,602,Girona,Catalunya
el Figueró i Montmany,Vallès Oriental,1142,Barcelona,Catalunya
el Lloar,Priorat,105,Tarragona,Catalunya
el Masnou,Maresme,23831,Barcelona,Catalunya
el Masroig,Priorat,492,Tarragona,Catalunya
el Milà,Alt Camp,190,Tarragona,Catalunya
el Molar,Priorat,291,Tarragona,Catalunya
el Montmell,Baix Penedès,1582,Tarragona,Catalunya
el Morell,Tarragonès,3742,Tarragona,Catalunya
el Palau d'Anglesola,Pla d'Urgell,2166,Lleida,Catalunya
el Papiol,Baix Llobregat,4172,Barcelona,Catalunya
el Perelló,Baix Ebre,2826,Tarragona,Catalunya
el Pinell de Brai,Terra Alta,1008,Tarragona,Catalunya
el Pla de Santa Maria,Alt Camp,2348,Tarragona,Catalunya
el Pla del Penedès,Alt Penedès,1275,Barcelona,Catalunya
el Poal,Pla d'Urgell,670,Lleida,Catalunya
el Pont d'Armentera,Alt Camp,488,Tarragona,Catalunya
el Pont de Bar,Alt Urgell,152,Lleida,Catalunya
el Pont de Suert,Alta Ribagorça,2257,Lleida,Catalunya
el Pont de Vilomara i Rocafort,Bages,3907,Barcelona,Catalunya
el Port de la Selva,Alt Empordà,958,Girona,Catalunya
el Prat de Llobregat,Baix Llobregat,65385,Barcelona,Catalunya
el Rourell,Alt Camp,372,Tarragona,Catalunya
el Soleràs,Garrigues,332,Lleida,Catalunya
el Vendrell,Baix Penedès,38373,Tarragona,Catalunya
el Vilosell,Garrigues,173,Lleida,Catalunya
els Alamús,Segrià,811,Lleida,Catalunya
els Garidells,Alt Camp,190,Tarragona,Catalunya
els Guiamets,Priorat,278,Tarragona,Catalunya
els Hostalets de Pierola,Anoia,2980,Barcelona,Catalunya
els Omellons,Garrigues,206,Lleida,Catalunya
els Omells de na Gaia,Urgell,130,Lleida,Catalunya
els Pallaresos,Tarragonès,4850,Tarragona,Catalunya
els Plans de Sió,Segarra,491,Lleida,Catalunya
els Prats de Rei,Anoia,537,Barcelona,Catalunya
els Torms,Garrigues,138,Lleida,Catalunya
l'Albagés,Garrigues,361,Lleida,Catalunya
l'Albi,Garrigues,744,Lleida,Catalunya
l'Albiol,Baix Camp,500,Tarragona,Catalunya
l'Aldea,Baix Ebre,4147,Tarragona,Catalunya
l'Aleixar,Baix Camp,893,Tarragona,Catalunya
l'Ametlla de Mar,Baix Ebre,6866,Tarragona,Catalunya
l'Ametlla del Vallès,Vallès Oriental,8646,Barcelona,Catalunya
l'Ampolla,Baix Ebre,3277,Tarragona,Catalunya
l'Arboç,Baix Penedès,5609,Tarragona,Catalunya
l'Argentera,Baix Camp,117,Tarragona,Catalunya
l'Armentera,Alt Empordà,951,Girona,Catalunya
l'Escala,Alt Empordà,10244,Girona,Catalunya
l'Espluga Calba,Garrigues,329,Lleida,Catalunya
l'Espluga de Francolí,Conca de Barberà,3736,Tarragona,Catalunya
l'Espunyola,Berguedà,242,Barcelona,Catalunya
l'Esquirol,Osona,2186,Barcelona,Catalunya
l'Hospitalet de Llobregat,Barcelonès,269382,Barcelona,Catalunya
la Baronia de Rialb,Noguera,229,Lleida,Catalunya
la Bisbal d'Empordà,Baix Empordà,11159,Girona,Catalunya
la Bisbal de Falset,Priorat,211,Tarragona,Catalunya
la Bisbal del Penedès,Baix Penedès,3631,Tarragona,Catalunya
la Canonja,Tarragonès,5956,Tarragona,Catalunya
la Cellera de Ter,Selva,1950,Girona,Catalunya
la Coma i la Pedra,Solsonès,255,Lleida,Catalunya
la Fatarella,Terra Alta,926,Tarragona,Catalunya
la Febró,Baix Camp,40,Tarragona,Catalunya
la Figuera,Priorat,114,Tarragona,Catalunya
la Floresta,Garrigues,140,Lleida,Catalunya
la Fuliola,Urgell,1250,Lleida,Catalunya
la Galera,Montsià,736,Tarragona,Catalunya
la Garriga,Vallès Oriental,16668,Barcelona,Catalunya
la Granada,Alt Penedès,2208,Barcelona,Catalunya
la Granadella,Garrigues,716,Lleida,Catalunya
la Granja d'Escarp,Segrià,922,Lleida,Catalunya
la Guingueta d'Àneu,Pallars Sobirà,289,Lleida,Catalunya
la Jonquera,Alt Empordà,3320,Girona,Catalunya
la Llacuna,Anoia,903,Barcelona,Catalunya
la Llagosta,Vallès Oriental,13587,Barcelona,Catalunya
la Masó,Alt Camp,280,Tarragona,Catalunya
la Molsosa,Solsonès,104,Lleida,Catalunya
la Morera de Montsant,Priorat,159,Tarragona,Catalunya
la Nou de Berguedà,Berguedà,162,Barcelona,Catalunya
la Nou de Gaià,Tarragonès,600,Tarragona,Catalunya
la Palma d'Ebre,Ribera d'Ebre,338,Tarragona,Catalunya
la Palma de Cervelló,Baix Llobregat,2992,Barcelona,Catalunya
la Pera,Baix Empordà,435,Girona,Catalunya
la Pobla de Claramunt,Anoia,2185,Barcelona,Catalunya
la Pobla de Cérvoles,Garrigues,189,Lleida,Catalunya
la Pobla de Lillet,Berguedà,1093,Barcelona,Catalunya
la Pobla de Mafumet,Tarragonès,3971,Tarragona,Catalunya
la Pobla de Massaluca,Terra Alta,317,Tarragona,Catalunya
la Pobla de Montornès,Tarragonès,2884,Tarragona,Catalunya
la Pobla de Segur,Pallars Jussà,3043,Lleida,Catalunya
la Portella,Segrià,743,Lleida,Catalunya
la Quar,Berguedà,49,Barcelona,Catalunya
la Riba,Alt Camp,585,Tarragona,Catalunya
la Riera de Gaià,Tarragonès,1742,Tarragona,Catalunya
la Roca del Vallès,Vallès Oriental,10754,Barcelona,Catalunya
la Ràpita,Montsià,14953,Tarragona,Catalunya
la Secuita,Tarragonès,1708,Tarragona,Catalunya
la Selva de Mar,Alt Empordà,195,Girona,Catalunya
la Selva del Camp,Baix Camp,5683,Tarragona,Catalunya
la Sentiu de Sió,Noguera,414,Lleida,Catalunya
la Seu d'Urgell,Alt Urgell,12206,Lleida,Catalunya
la Sénia,Montsià,5640,Tarragona,Catalunya
la Tallada d'Empordà,Baix Empordà,454,Girona,Catalunya
la Torre de Cabdella,Pallars Jussà,759,Lleida,Catalunya
la Torre de Claramunt,Anoia,3741,Barcelona,Catalunya
la Torre de Fontaubella,Priorat,131,Tarragona,Catalunya
la Torre de l'Espanyol,Ribera d'Ebre,601,Tarragona,Catalunya
la Vajol,Alt Empordà,89,Girona,Catalunya
la Vall d'en Bas,Garrotxa,3093,Girona,Catalunya
la Vall de Bianya,Garrotxa,1275,Girona,Catalunya
la Vall de Boí,Alta Ribagorça,1019,Lleida,Catalunya
la Vansa i Fórnols,Alt Urgell,149,Lleida,Catalunya
la Vilella Alta,Priorat,133,Tarragona,Catalunya
la Vilella Baixa,Priorat,204,Tarragona,Catalunya
les Avellanes i Santa Linya,Noguera,433,Lleida,Catalunya
les Borges Blanques,Garrigues,6173,Lleida,Catalunya
les Borges del Camp,Baix Camp,2056,Tarragona,Catalunya
les Cabanyes,Alt Penedès,979,Barcelona,Catalunya
les Franqueses del Vallès,Vallès Oriental,20364,Barcelona,Catalunya
les Llosses,Ripollès,212,Girona,Catalunya
les Masies de Roda,Osona,719,Barcelona,Catalunya
les Masies de Voltregà,Osona,3132,Barcelona,Catalunya
les Oluges,Segarra,171,Lleida,Catalunya
les Piles,Conca de Barberà,210,Tarragona,Catalunya
les Planes d'Hostoles,Garrotxa,1712,Girona,Catalunya
les Preses,Garrotxa,1855,Girona,Catalunya
les Valls d'Aguilar,Alt Urgell,245,Lleida,Catalunya
les Valls de Valira,Alt Urgell,784,Lleida,Catalunya
Àger,Noguera,580,Lleida,Catalunya
Òdena,Anoia,3668,Barcelona,Catalunya
Òrrius,Maresme,758,Barcelona,Catalunya
Ademús,Racó d'Ademús,1042,València,Comunitat Valenciana
Ador,Safor,1508,València,Comunitat Valenciana
Agost,Alacantí,4758,Alacant,Comunitat Valenciana
Agres,Comtat,565,Alacant,Comunitat Valenciana
Agullent,Vall d'Albaida,2410,València,Comunitat Valenciana
Aielo de Malferit,Vall d'Albaida,4618,València,Comunitat Valenciana
Aielo de Rugat,Vall d'Albaida,155,València,Comunitat Valenciana
Aigües,Alacantí,963,Alacant,Comunitat Valenciana
Aín,Plana Baixa,127,Castelló,Comunitat Valenciana
Aiòder,Alt Millars,159,Castelló,Comunitat Valenciana
Aiora,Vall de Cofrents,5312,València,Comunitat Valenciana
Alacant,Alacantí,334887,Alacant,Comunitat Valenciana
Alaquàs,Horta Sud,29561,València,Comunitat Valenciana
Albaida,Vall d'Albaida,5900,València,Comunitat Valenciana
Albal,Horta Sud,16399,València,Comunitat Valenciana
Albalat de la Ribera,Ribera Baixa,3360,València,Comunitat Valenciana
Albalat dels Sorells,Horta Nord,3977,València,Comunitat Valenciana
Albalat dels Tarongers,Camp de Morvedre,1232,València,Comunitat Valenciana
Albatera,Baix Segura,12279,Alacant,Comunitat Valenciana
Alberic,Ribera Alta,11418,València,Comunitat Valenciana
Albocàsser,Alt Maestrat,1241,Castelló,Comunitat Valenciana
Alboraia,Horta Nord,24454,València,Comunitat Valenciana
Alboraig,Foia de Bunyol,1160,València,Comunitat Valenciana
Albuixec,Horta Nord,4017,València,Comunitat Valenciana
Alcalà de Xivert,Baix Maestrat,6680,Castelló,Comunitat Valenciana
Alcalalí,Marina Alta,1278,Alacant,Comunitat Valenciana
Alcàntera de Xúquer,Ribera Alta,1291,València,Comunitat Valenciana
Alcàsser,Horta Sud,10039,València,Comunitat Valenciana
Alcoi,Alcoià,58994,Alacant,Comunitat Valenciana
Alcoleja,Comtat,173,Alacant,Comunitat Valenciana
l'Alcora,Alcalatén,10405,Castelló,Comunitat Valenciana
Alcosser,Comtat,230,Alacant,Comunitat Valenciana
les Alcubles,Serrans,628,València,Comunitat Valenciana
l'Alcúdia,Ribera Alta,12009,València,Comunitat Valenciana
l'Alcúdia de Crespins,Costera,5157,València,Comunitat Valenciana
l'Alcúdia de Veo,Plana Baixa,190,Castelló,Comunitat Valenciana
Aldaia,Horta Sud,31864,València,Comunitat Valenciana
Alfafar,Horta Sud,20890,València,Comunitat Valenciana
Alfafara,Comtat,410,Alacant,Comunitat Valenciana
Alfara de la Baronia,Camp de Morvedre,557,València,Comunitat Valenciana
Alfara del Patriarca,Horta Nord,3310,València,Comunitat Valenciana
Alfarb,Ribera Alta,1544,València,Comunitat Valenciana
Alfarrasí,Vall d'Albaida,1225,València,Comunitat Valenciana
l'Alfàs del Pi,Marina Baixa,20482,Alacant,Comunitat Valenciana
Alfauir,Safor,437,València,Comunitat Valenciana
Alfondeguilla,Plana Baixa,866,Castelló,Comunitat Valenciana
Algar de Palància,Camp de Morvedre,481,València,Comunitat Valenciana
Algemesí,Ribera Alta,27331,València,Comunitat Valenciana
Algímia d'Alfara,Camp de Morvedre,1011,València,Comunitat Valenciana
Algímia d'Almonesir,Alt Palància,263,Castelló,Comunitat Valenciana
Alginet,Ribera Alta,13380,València,Comunitat Valenciana
Algorfa,Baix Segura,2935,Alacant,Comunitat Valenciana
l'Alguenya,Vinalopó Mitjà,1336,Alacant,Comunitat Valenciana
Almàssera,Horta Nord,7349,València,Comunitat Valenciana
Almassora,Plana Alta,26270,Castelló,Comunitat Valenciana
Almedíxer,Alt Palància,254,Castelló,Comunitat Valenciana
Almenara,Plana Baixa,5998,Castelló,Comunitat Valenciana
Almiserà,Safor,262,València,Comunitat Valenciana
Almoines,Safor,2414,València,Comunitat Valenciana
Almoradí,Baix Segura,20803,Alacant,Comunitat Valenciana
Almudaina,Comtat,113,Alacant,Comunitat Valenciana
Almussafes,Ribera Baixa,8967,València,Comunitat Valenciana
Alpont,Serrans,633,València,Comunitat Valenciana
l'Alqueria d'Asnar,Comtat,493,Alacant,Comunitat Valenciana
l'Alqueria de la Comtessa,Safor,1476,València,Comunitat Valenciana
les Alqueries,Plana Baixa,4449,Castelló,Comunitat Valenciana
Altea,Marina Baixa,22290,Alacant,Comunitat Valenciana
Altura,Alt Palància,3528,Castelló,Comunitat Valenciana
Alzira,Ribera Alta,44352,València,Comunitat Valenciana
Andilla,Serrans,319,València,Comunitat Valenciana
Anna,Canal de Navarrés,2628,València,Comunitat Valenciana
Antella,Ribera Alta,1175,València,Comunitat Valenciana
Aranyel,Alt Millars,150,Castelló,Comunitat Valenciana
Ares dels Oms,Serrans,381,València,Comunitat Valenciana
Ares del Maestrat,Alt Maestrat,186,Castelló,Comunitat Valenciana
Argeleta,Alt Millars,118,Castelló,Comunitat Valenciana
Artana,Plana Baixa,1947,Castelló,Comunitat Valenciana
Asp,Vinalopó Mitjà,20714,Alacant,Comunitat Valenciana
Assuévar,Alt Palància,315,Castelló,Comunitat Valenciana
Atzeneta d'Albaida,Vall d'Albaida,1165,València,Comunitat Valenciana
Atzeneta del Maestrat,Alt Maestrat,1276,Castelló,Comunitat Valenciana
l'Atzúbia,Marina Alta,632,Alacant,Comunitat Valenciana
Balones,Comtat,131,Alacant,Comunitat Valenciana
Banyeres de Mariola,Alcoià,7068,Alacant,Comunitat Valenciana
Barraques,Alt Palància,162,Castelló,Comunitat Valenciana
Barx,Safor,1277,València,Comunitat Valenciana
Barxeta,Costera,1601,València,Comunitat Valenciana
Begís,Alt Palància,380,Castelló,Comunitat Valenciana
Bèlgida,Vall d'Albaida,673,València,Comunitat Valenciana
Bellreguard,Safor,4608,València,Comunitat Valenciana
Bellús,Vall d'Albaida,343,València,Comunitat Valenciana
Benafer,Alt Palància,152,Castelló,Comunitat Valenciana
Benafigos,Alt Maestrat,142,Castelló,Comunitat Valenciana
Benaguasil,Camp de Túria,10988,València,Comunitat Valenciana
Benaixeve,Serrans,192,València,Comunitat Valenciana
Benasau,Comtat,151,Alacant,Comunitat Valenciana
Benassal,Alt Maestrat,1068,Castelló,Comunitat Valenciana
Benavites,Camp de Morvedre,619,València,Comunitat Valenciana
Beneixama,Alt Vinalopó,1685,Alacant,Comunitat Valenciana
Beneixida,Ribera Alta,651,València,Comunitat Valenciana
Benejússer,Baix Segura,5402,Alacant,Comunitat Valenciana
Benetússer,Horta Sud,14799,València,Comunitat Valenciana
Benferri,Baix Segura,1942,Alacant,Comunitat Valenciana
Beniarbeig,Marina Alta,2092,Alacant,Comunitat Valenciana
Beniardà,Marina Baixa,232,Alacant,Comunitat Valenciana
Beniarjó,Safor,1765,València,Comunitat Valenciana
Beniarrés,Comtat,1118,Alacant,Comunitat Valenciana
Beniatjar,Vall d'Albaida,223,València,Comunitat Valenciana
Benicarló,Baix Maestrat,26912,Castelló,Comunitat Valenciana
Benicàssim,Plana Alta,18192,Castelló,Comunitat Valenciana
Benicolet,Vall d'Albaida,569,València,Comunitat Valenciana
Benicull de Xúquer,Ribera Baixa,1012,València,Comunitat Valenciana
Benidoleig,Marina Alta,1095,Alacant,Comunitat Valenciana
Benidorm,Marina Baixa,68721,Alacant,Comunitat Valenciana
Benifaió,Ribera Alta,11962,València,Comunitat Valenciana
Benifairó de la Valldigna,Safor,1571,València,Comunitat Valenciana
Benifairó de les Valls,Camp de Morvedre,2186,València,Comunitat Valenciana
Benifallim,Alcoià,105,Alacant,Comunitat Valenciana
Benifato,Marina Baixa,140,Alacant,Comunitat Valenciana
Beniflà,Safor,457,València,Comunitat Valenciana
Benigànim,Vall d'Albaida,5841,València,Comunitat Valenciana
Benigembla,Marina Alta,490,Alacant,Comunitat Valenciana
Benijòfer,Baix Segura,3322,Alacant,Comunitat Valenciana
Benilloba,Comtat,724,Alacant,Comunitat Valenciana
Benillup,Comtat,97,Alacant,Comunitat Valenciana
Benimantell,Marina Baixa,483,Alacant,Comunitat Valenciana
Benimarfull,Comtat,409,Alacant,Comunitat Valenciana
Benimassot,Comtat,106,Alacant,Comunitat Valenciana
Benimeli,Marina Alta,418,Alacant,Comunitat Valenciana
Benimodo,Ribera Alta,2268,València,Comunitat Valenciana
Benimuslem,Ribera Alta,653,València,Comunitat Valenciana
Beniparrell,Horta Sud,1952,València,Comunitat Valenciana
Benirredrà,Safor,1592,València,Comunitat Valenciana
Benissa,Marina Alta,11005,Alacant,Comunitat Valenciana
Benissanó,Camp de Túria,2260,València,Comunitat Valenciana
Benissoda,Vall d'Albaida,430,València,Comunitat Valenciana
Benissuera,Vall d'Albaida,194,València,Comunitat Valenciana
Benlloc,Plana Alta,1033,Castelló,Comunitat Valenciana
Bétera,Camp de Túria,24272,València,Comunitat Valenciana
Betxí,Plana Baixa,5645,Castelló,Comunitat Valenciana
Biar,Alt Vinalopó,3671,Alacant,Comunitat Valenciana
Bicorb,Canal de Navarrés,533,València,Comunitat Valenciana
Bigastre,Baix Segura,6733,Alacant,Comunitat Valenciana
Bocairent,Vall d'Albaida,4195,València,Comunitat Valenciana
Bolbait,Canal de Navarrés,1356,València,Comunitat Valenciana
Bolulla,Marina Baixa,420,Alacant,Comunitat Valenciana
Bonrepòs i Mirambell,Horta Nord,3691,València,Comunitat Valenciana
Borriana,Plana Baixa,34683,Castelló,Comunitat Valenciana
Borriol,Plana Alta,5360,Castelló,Comunitat Valenciana
Bufali,Vall d'Albaida,161,València,Comunitat Valenciana
Bugarra,Serrans,727,València,Comunitat Valenciana
Bunyol,Foia de Bunyol,9408,València,Comunitat Valenciana
Burjassot,Horta Nord,38024,València,Comunitat Valenciana
Busot,Alacantí,2978,Alacant,Comunitat Valenciana
Cabanes,Plana Alta,2958,Castelló,Comunitat Valenciana
Càlig,Baix Maestrat,1950,Castelló,Comunitat Valenciana
Calles,Serrans,355,València,Comunitat Valenciana
Callosa d'en Sarrià,Marina Baixa,7373,Alacant,Comunitat Valenciana
Callosa de Segura,Baix Segura,19038,Alacant,Comunitat Valenciana
Calp,Marina Alta,22725,Alacant,Comunitat Valenciana
el Camp de Mirra,Alt Vinalopó,415,Alacant,Comunitat Valenciana
el Campello,Alacantí,28349,Alacant,Comunitat Valenciana
Camporrobles,Plana d'Utiel,1191,València,Comunitat Valenciana
Canals,Costera,13587,València,Comunitat Valenciana
Canet d'en Berenguer,Camp de Morvedre,6697,València,Comunitat Valenciana
Canet lo Roig,Baix Maestrat,674,Castelló,Comunitat Valenciana
la Canyada,Alt Vinalopó,1220,Alacant,Comunitat Valenciana
Carcaixent,Ribera Alta,20358,València,Comunitat Valenciana
Càrcer,Ribera Alta,1862,València,Comunitat Valenciana
Carlet,Ribera Alta,15598,València,Comunitat Valenciana
Carrícola,Vall d'Albaida,94,València,Comunitat Valenciana
Cases Altes,Racó d'Ademús,141,València,Comunitat Valenciana
Cases Baixes,Racó d'Ademús,164,València,Comunitat Valenciana
Casinos,Camp de Túria,2777,València,Comunitat Valenciana
Castalla,Alcoià,10124,Alacant,Comunitat Valenciana
Castell de Cabres,Baix Maestrat,17,Castelló,Comunitat Valenciana
Castell de Castells,Marina Alta,449,Alacant,Comunitat Valenciana
el Castell de Guadalest,Marina Baixa,217,Alacant,Comunitat Valenciana
el Castell de Vilamalefa,Alt Millars,107,Castelló,Comunitat Valenciana
Castellfabib,Racó d'Ademús,317,València,Comunitat Valenciana
Castellfort,Ports,183,Castelló,Comunitat Valenciana
Castellnou,Alt Palància,917,Castelló,Comunitat Valenciana
Castelló,Ribera Alta,7049,València,Comunitat Valenciana
Castelló de la Plana,Plana Alta,171728,Castelló,Comunitat Valenciana
Castelló de Rugat,Vall d'Albaida,2274,València,Comunitat Valenciana
Castellonet de la Conquesta,Safor,147,València,Comunitat Valenciana
Catadau,Ribera Alta,2777,València,Comunitat Valenciana
Catarroja,Horta Sud,28120,València,Comunitat Valenciana
Catí,Alt Maestrat,721,Castelló,Comunitat Valenciana
Catral,Baix Segura,8639,Alacant,Comunitat Valenciana
Caudete de las Fuentes,Plana d'Utiel,700,València,Comunitat Valenciana
Caudiel,Alt Palància,664,Castelló,Comunitat Valenciana
Cerdà,Costera,331,València,Comunitat Valenciana
Cervera del Maestrat,Baix Maestrat,575,Castelló,Comunitat Valenciana
Cinctorres,Ports,391,Castelló,Comunitat Valenciana
Cirat,Alt Millars,201,Castelló,Comunitat Valenciana
Cocentaina,Comtat,11511,Alacant,Comunitat Valenciana
Cofrents,Vall de Cofrents,1130,València,Comunitat Valenciana
Coix,Baix Segura,7297,Alacant,Comunitat Valenciana
Confrides,Marina Baixa,187,Alacant,Comunitat Valenciana
Corbera,Ribera Baixa,3100,València,Comunitat Valenciana
Cortes d'Arenós,Alt Millars,318,Castelló,Comunitat Valenciana
Cortes de Pallars,Vall de Cofrents,814,València,Comunitat Valenciana
Costur,Alcalatén,524,Castelló,Comunitat Valenciana
Cotes,Ribera Alta,333,València,Comunitat Valenciana
les Coves de Vinromà,Plana Alta,1823,Castelló,Comunitat Valenciana
Crevillent,Baix Vinalopó,28952,Alacant,Comunitat Valenciana
Culla,Alt Maestrat,495,Castelló,Comunitat Valenciana
Cullera,Ribera Baixa,22145,València,Comunitat Valenciana
Daia Nova,Baix Segura,1737,Alacant,Comunitat Valenciana
Daia Vella,Baix Segura,690,Alacant,Comunitat Valenciana
Daimús,Safor,3117,València,Comunitat Valenciana
Dénia,Marina Alta,42166,Alacant,Comunitat Valenciana
Dolors,Baix Segura,7470,Alacant,Comunitat Valenciana
Domenyo,Serrans,708,València,Comunitat Valenciana
Dosaigües,Foia de Bunyol,376,València,Comunitat Valenciana
Elda,Vinalopó Mitjà,52618,Alacant,Comunitat Valenciana
l'Eliana,Camp de Túria,18235,València,Comunitat Valenciana
Elx,Baix Vinalopó,232517,Alacant,Comunitat Valenciana
Emperador,Horta Nord,687,València,Comunitat Valenciana
Énguera,Canal de Navarrés,4752,València,Comunitat Valenciana
l'Énova,Ribera Alta,887,València,Comunitat Valenciana
Eslida,Plana Baixa,759,Castelló,Comunitat Valenciana
Espadella,Alt Millars,71,Castelló,Comunitat Valenciana
Estivella,Camp de Morvedre,1456,València,Comunitat Valenciana
Estubeny,Costera,121,València,Comunitat Valenciana
Fageca,Comtat,106,Alacant,Comunitat Valenciana
Famorca,Comtat,47,Alacant,Comunitat Valenciana
Fanzara,Alt Millars,267,Castelló,Comunitat Valenciana
Faura,Camp de Morvedre,3538,València,Comunitat Valenciana
Favara,Ribera Baixa,2518,València,Comunitat Valenciana
Figueres,Alt Palància,54,Castelló,Comunitat Valenciana
Figueroles,Alcalatén,523,Castelló,Comunitat Valenciana
Figueroles de Domenyo,Serrans,500,València,Comunitat Valenciana
Finestrat,Marina Baixa,6715,Alacant,Comunitat Valenciana
Foios,Horta Nord,7367,València,Comunitat Valenciana
el Fondó de les Neus,Vinalopó Mitjà,2544,Alacant,Comunitat Valenciana
el Fondó dels Frares,Vinalopó Mitjà,1198,Alacant,Comunitat Valenciana
la Font d'en Carròs,Safor,3794,València,Comunitat Valenciana
la Font de la Figuera,Costera,2038,València,Comunitat Valenciana
la Font de la Reina,Alt Millars,52,Castelló,Comunitat Valenciana
Fontanars dels Alforins,Vall d'Albaida,971,València,Comunitat Valenciana
les Fonts d'Aiòder,Alt Millars,87,Castelló,Comunitat Valenciana
el Forcall,Ports,465,Castelló,Comunitat Valenciana
Formentera del Segura,Baix Segura,4191,Alacant,Comunitat Valenciana
Fortaleny,Ribera Baixa,1026,València,Comunitat Valenciana
Fuenterrobles,Plana d'Utiel,682,València,Comunitat Valenciana
Gaianes,Comtat,452,Alacant,Comunitat Valenciana
Gaibiel,Alt Palància,188,Castelló,Comunitat Valenciana
Gandia,Safor,74562,València,Comunitat Valenciana
Gata de Gorgos,Marina Alta,6049,Alacant,Comunitat Valenciana
Gàtova,Camp de Túria,378,València,Comunitat Valenciana
Gavarda,Ribera Alta,1038,València,Comunitat Valenciana
Geldo,Alt Palància,635,Castelló,Comunitat Valenciana
el Genovés,Costera,2842,València,Comunitat Valenciana
Gilet,Camp de Morvedre,3324,València,Comunitat Valenciana
Godella,Horta Nord,13088,València,Comunitat Valenciana
Godelleta,Foia de Bunyol,3533,València,Comunitat Valenciana
Gorga,Comtat,249,Alacant,Comunitat Valenciana
la Granja de la Costera,Costera,285,València,Comunitat Valenciana
la Granja de Rocamora,Baix Segura,2580,Alacant,Comunitat Valenciana
Guadasséquies,Vall d'Albaida,468,València,Comunitat Valenciana
Guadassuar,Ribera Alta,5893,València,Comunitat Valenciana
Guardamar de la Safor,Safor,526,València,Comunitat Valenciana
Guardamar del Segura,Baix Segura,15348,Alacant,Comunitat Valenciana
Herbers,Ports,42,Castelló,Comunitat Valenciana
Iàtova,Foia de Bunyol,2067,València,Comunitat Valenciana
Ibi,Alcoià,23489,Alacant,Comunitat Valenciana
la Iessa,Serrans,229,València,Comunitat Valenciana
la Jana,Baix Maestrat,675,Castelló,Comunitat Valenciana
Llanera de Ranes,Costera,1055,València,Comunitat Valenciana
Llaurí,Ribera Baixa,1170,València,Comunitat Valenciana
Llíber,Marina Alta,935,Alacant,Comunitat Valenciana
Llíria,Camp de Túria,23253,València,Comunitat Valenciana
Llocnou d'en Fenollet,Costera,916,València,Comunitat Valenciana
Llocnou de la Corona,Horta Sud,118,València,Comunitat Valenciana
Llocnou de Sant Jeroni,Safor,546,València,Comunitat Valenciana
Llombai,Ribera Alta,2685,València,Comunitat Valenciana
La Llosa,Plana Baixa,951,Castelló,Comunitat Valenciana
la Llosa de Ranes,Costera,3575,València,Comunitat Valenciana
la Llosa del Bisbe,Serrans,507,València,Comunitat Valenciana
Llucena,Alcalatén,1302,Castelló,Comunitat Valenciana
Lludient,Alt Millars,141,Castelló,Comunitat Valenciana
Llutxent,Vall d'Albaida,2345,València,Comunitat Valenciana
Loriguilla,Camp de Túria,2025,València,Comunitat Valenciana
Macastre,Foia de Bunyol,1283,València,Comunitat Valenciana
Manises,Horta Sud,30919,València,Comunitat Valenciana
Manuel,Ribera Alta,2428,València,Comunitat Valenciana
Marines,Camp de Túria,1828,València,Comunitat Valenciana
Massalavés,Ribera Alta,1596,València,Comunitat Valenciana
Massalfassar,Horta Nord,2469,València,Comunitat Valenciana
Massamagrell,Horta Nord,15952,València,Comunitat Valenciana
Massanassa,Horta Sud,9667,València,Comunitat Valenciana
la Mata de Morella,Ports,166,Castelló,Comunitat Valenciana
Matet,Alt Palància,84,Castelló,Comunitat Valenciana
Meliana,Horta Nord,10822,València,Comunitat Valenciana
Millars,Canal de Navarrés,345,València,Comunitat Valenciana
Millena,Comtat,237,Alacant,Comunitat Valenciana
Miramar,Safor,2634,València,Comunitat Valenciana
Mislata,Horta Sud,43691,València,Comunitat Valenciana
Moixent,Costera,4302,València,Comunitat Valenciana
Moncofa,Plana Baixa,6525,Castelló,Comunitat Valenciana
Monòver,Vinalopó Mitjà,12167,Alacant,Comunitat Valenciana
Montanejos,Alt Millars,572,Castelló,Comunitat Valenciana
Montant,Alt Millars,370,Castelló,Comunitat Valenciana
Montaverner,Vall d'Albaida,1630,València,Comunitat Valenciana
Montcada,Horta Nord,21935,València,Comunitat Valenciana
Montesa,Costera,1164,València,Comunitat Valenciana
Los Montesinos,Baix Segura,4968,Alacant,Comunitat Valenciana
Montfort,Vinalopó Mitjà,8165,Alacant,Comunitat Valenciana
Montitxelvo,Vall d'Albaida,584,València,Comunitat Valenciana
Montroi,Ribera Alta,2867,València,Comunitat Valenciana
Montserrat,Ribera Alta,7878,València,Comunitat Valenciana
Morella,Ports,2430,Castelló,Comunitat Valenciana
Murla,Marina Alta,470,Alacant,Comunitat Valenciana
Muro d'Alcoi,Comtat,10000,Alacant,Comunitat Valenciana
Museros,Horta Nord,6458,València,Comunitat Valenciana
Mutxamel,Alacantí,25352,Alacant,Comunitat Valenciana
Nàquera,Camp de Túria,6577,València,Comunitat Valenciana
Navaixes,Alt Palància,716,Castelló,Comunitat Valenciana
Navarrés,Canal de Navarrés,2968,València,Comunitat Valenciana
Novelda,Vinalopó Mitjà,25651,Alacant,Comunitat Valenciana
Novetlè,Costera,837,València,Comunitat Valenciana
la Nucia,Marina Baixa,2140,Alacant,Comunitat Valenciana
Nules,Plana Baixa,13103,Castelló,Comunitat Valenciana
Oliva,Safor,25101,València,Comunitat Valenciana
l'Olleria,Vall d'Albaida,8281,València,Comunitat Valenciana
Olocau,Camp de Túria,1771,València,Comunitat Valenciana
Olocau del Rei,Ports,119,Castelló,Comunitat Valenciana
Onda,Plana Baixa,24859,Castelló,Comunitat Valenciana
Ondara,Marina Alta,6894,Alacant,Comunitat Valenciana
Onil,Alcoià,7507,Alacant,Comunitat Valenciana
Ontinyent,Vall d'Albaida,35347,València,Comunitat Valenciana
Orba,Marina Alta,2174,Alacant,Comunitat Valenciana
Oriola,Baix Segura,77414,Alacant,Comunitat Valenciana
Orpesa,Plana Alta,9076,Castelló,Comunitat Valenciana
l'Orxa,Comtat,578,Alacant,Comunitat Valenciana
Orxeta,Marina Baixa,736,Alacant,Comunitat Valenciana
Otos,Vall d'Albaida,434,València,Comunitat Valenciana
Paiporta,Horta Sud,26088,València,Comunitat Valenciana
Palanques,Ports,30,Castelló,Comunitat Valenciana
Palma de Gandia,Safor,1631,València,Comunitat Valenciana
Palmera,Safor,1024,València,Comunitat Valenciana
el Palomar,Vall d'Albaida,590,València,Comunitat Valenciana
Parcent,Marina Alta,929,Alacant,Comunitat Valenciana
Paterna,Horta Nord,70195,València,Comunitat Valenciana
Pavies,Alt Palància,61,Castelló,Comunitat Valenciana
Pedralba,Serrans,2778,València,Comunitat Valenciana
Pedreguer,Marina Alta,7699,Alacant,Comunitat Valenciana
Pego,Marina Alta,10128,Alacant,Comunitat Valenciana
Penàguila,Alcoià,292,Alacant,Comunitat Valenciana
Peníscola,Baix Maestrat,7612,Castelló,Comunitat Valenciana
Petrer,Vinalopó Mitjà,34276,Alacant,Comunitat Valenciana
Petrés,Camp de Morvedre,997,València,Comunitat Valenciana
Picanya,Horta Sud,11513,València,Comunitat Valenciana
Picassent,Horta Sud,20942,València,Comunitat Valenciana
el Pilar de la Foradada,Baix Segura,21905,Alacant,Comunitat Valenciana
Piles,Safor,2685,València,Comunitat Valenciana
Pina,Alt Palància,111,Castelló,Comunitat Valenciana
Pinet,Vall d'Albaida,157,València,Comunitat Valenciana
el Pinós,Vinalopó Mitjà,7966,Alacant,Comunitat Valenciana
Planes,Comtat,693,Alacant,Comunitat Valenciana
la Pobla d'Arenós,Alt Millars,158,Castelló,Comunitat Valenciana
la Pobla de Benifassà,Baix Maestrat,202,Castelló,Comunitat Valenciana
la Pobla de Farnals,Horta Nord,7978,València,Comunitat Valenciana
la Pobla de Sant Miquel,Racó d'Ademús,62,València,Comunitat Valenciana
la Pobla de Vallbona,Camp de Túria,24433,València,Comunitat Valenciana
la Pobla del Duc,Vall d'Albaida,2543,València,Comunitat Valenciana
la Pobla Llarga,Ribera Alta,4452,València,Comunitat Valenciana
la Pobla Tornesa,Plana Alta,1211,Castelló,Comunitat Valenciana
el Poble Nou de Benitatxell,Marina Alta,4276,Alacant,Comunitat Valenciana
els Poblets,Marina Alta,2705,Alacant,Comunitat Valenciana
Polinyà de Xúquer,Ribera Baixa,2472,València,Comunitat Valenciana
Polop,Marina Baixa,4965,Alacant,Comunitat Valenciana
Portell de Morella,Ports,197,Castelló,Comunitat Valenciana
Potries,Safor,1046,València,Comunitat Valenciana
Puçol,Horta Nord,19495,València,Comunitat Valenciana
el Puig de Santa Maria,Horta Nord,8630,València,Comunitat Valenciana
Quart de les Valls,Camp de Morvedre,988,València,Comunitat Valenciana
Quart de Poblet,Horta Sud,24760,València,Comunitat Valenciana
Quartell,Camp de Morvedre,1636,València,Comunitat Valenciana
Quatretonda,Vall d'Albaida,2212,València,Comunitat Valenciana
Quatretondeta,Comtat,122,Alacant,Comunitat Valenciana
Quesa,Canal de Navarrés,670,València,Comunitat Valenciana
Rafal,Baix Segura,4498,Alacant,Comunitat Valenciana
Rafelbunyol,Horta Nord,8941,València,Comunitat Valenciana
Rafelcofer,Safor,1345,València,Comunitat Valenciana
Rafelguaraf,Ribera Alta,2398,València,Comunitat Valenciana
el Ràfol d'Almúnia,Marina Alta,653,Alacant,Comunitat Valenciana
el Ràfol de Salem,Vall d'Albaida,462,València,Comunitat Valenciana
Real,Ribera Alta,2154,València,Comunitat Valenciana
el Real de Gandia,Safor,2461,València,Comunitat Valenciana
Redovà,Baix Segura,7869,Alacant,Comunitat Valenciana
Relleu,Marina Baixa,1160,Alacant,Comunitat Valenciana
Requena,Plana d'Utiel,20254,València,Comunitat Valenciana
Riba-roja de Túria,Camp de Túria,22264,València,Comunitat Valenciana
Ribesalbes,Plana Baixa,1174,Castelló,Comunitat Valenciana
Riola,Ribera Baixa,1759,València,Comunitat Valenciana
Rocafort,Horta Nord,7240,València,Comunitat Valenciana
Rojals,Baix Segura,16963,Alacant,Comunitat Valenciana
la Romana,Vinalopó Mitjà,2434,Alacant,Comunitat Valenciana
Rossell,Baix Maestrat,937,Castelló,Comunitat Valenciana
Rotglà i Corberà,Costera,1138,València,Comunitat Valenciana
Ròtova,Safor,1294,València,Comunitat Valenciana
Rugat,Vall d'Albaida,158,València,Comunitat Valenciana
Sacanyet,Alt Palància,67,Castelló,Comunitat Valenciana
Sagra,Marina Alta,408,Alacant,Comunitat Valenciana
Sagunt,Camp de Morvedre,66140,València,Comunitat Valenciana
Saix,Alt Vinalopó,9845,Alacant,Comunitat Valenciana
Salem,Vall d'Albaida,424,València,Comunitat Valenciana
Salines,Alt Vinalopó,1601,Alacant,Comunitat Valenciana
la Salzadella,Baix Maestrat,704,Castelló,Comunitat Valenciana
Sanet i els Negrals,Marina Alta,667,Alacant,Comunitat Valenciana
Sant Antoni de Benaixeve,Camp de Túria,9089,València,Comunitat Valenciana
Sant Fulgenci,Baix Segura,7885,Alacant,Comunitat Valenciana
Sant Isidre,Baix Segura,1986,Alacant,Comunitat Valenciana
Sant Joan d'Alacant,Alacantí,23915,Alacant,Comunitat Valenciana
Sant Joan de Moró,Plana Alta,3159,Castelló,Comunitat Valenciana
Sant Joanet,Ribera Alta,504,València,Comunitat Valenciana
Sant Jordi,Baix Maestrat,972,Castelló,Comunitat Valenciana
Sant Mateu,Baix Maestrat,1963,Castelló,Comunitat Valenciana
Sant Miquel de les Salines,Baix Segura,6034,Alacant,Comunitat Valenciana
Sant Rafel del Riu,Baix Maestrat,469,Castelló,Comunitat Valenciana
Sant Vicent del Raspeig,Alacantí,58385,Alacant,Comunitat Valenciana
Santa Magdalena de Polpís,Baix Maestrat,768,Castelló,Comunitat Valenciana
Santa Pola,Baix Vinalopó,32306,Alacant,Comunitat Valenciana
Sedaví,Horta Sud,10333,València,Comunitat Valenciana
Segart,Camp de Morvedre,163,València,Comunitat Valenciana
Sella,Marina Baixa,580,Alacant,Comunitat Valenciana
Sellent,Ribera Alta,389,València,Comunitat Valenciana
Sempere,Vall d'Albaida,34,València,Comunitat Valenciana
Senija,Marina Alta,584,Alacant,Comunitat Valenciana
Senyera,Ribera Alta,1136,València,Comunitat Valenciana
Serra,Camp de Túria,3124,València,Comunitat Valenciana
la Serra d'en Galceran,Plana Alta,976,Castelló,Comunitat Valenciana
la Serratella,Alt Maestrat,101,Castelló,Comunitat Valenciana
Setaigües,Foia de Bunyol,1154,València,Comunitat Valenciana
Silla,Horta Sud,18771,València,Comunitat Valenciana
Simat de la Valldigna,Safor,3329,València,Comunitat Valenciana
Sinarques,Plana d'Utiel,1125,València,Comunitat Valenciana
Sogorb,Alt Palància,8978,Castelló,Comunitat Valenciana
Sollana,Ribera Baixa,4861,València,Comunitat Valenciana
Soneja,Alt Palància,1447,Castelló,Comunitat Valenciana
Sorita,Ports,114,Castelló,Comunitat Valenciana
Sot de Ferrer,Alt Palància,415,Castelló,Comunitat Valenciana
Sot de Xera,Serrans,369,València,Comunitat Valenciana
Sucaina,Alt Millars,171,Castelló,Comunitat Valenciana
Sueca,Ribera Baixa,27479,València,Comunitat Valenciana
Suera,Plana Baixa,525,Castelló,Comunitat Valenciana
Sumacàrcer,Ribera Alta,1096,València,Comunitat Valenciana
Tales,Plana Baixa,825,Castelló,Comunitat Valenciana
Tàrbena,Marina Baixa,646,Alacant,Comunitat Valenciana
Tavernes Blanques,Horta Nord,9120,València,Comunitat Valenciana
Tavernes de la Valldigna,Safor,17201,València,Comunitat Valenciana
Teresa,Alt Palància,242,Castelló,Comunitat Valenciana
Teresa de Cofrents,Vall de Cofrents,636,València,Comunitat Valenciana
Terrateig,Vall d'Albaida,278,València,Comunitat Valenciana
Teulada,Marina Alta,11112,Alacant,Comunitat Valenciana
Tibi,Alcoià,1614,Alacant,Comunitat Valenciana
Tírig,Alt Maestrat,419,Castelló,Comunitat Valenciana
Titaigües,Serrans,453,València,Comunitat Valenciana
la Todolella,Ports,155,Castelló,Comunitat Valenciana
Toga,Alt Millars,100,Castelló,Comunitat Valenciana
Toixa,Serrans,1116,València,Comunitat Valenciana
Tollos,Comtat,57,Alacant,Comunitat Valenciana
Toràs,Alt Palància,223,Castelló,Comunitat Valenciana
Torís,Ribera Alta,6646,València,Comunitat Valenciana
Tormos,Marina Alta,340,Alacant,Comunitat Valenciana
el Toro,Alt Palància,256,Castelló,Comunitat Valenciana
Torralba,Alt Millars,69,Castelló,Comunitat Valenciana
la Torre d'en Besora,Alt Maestrat,158,Castelló,Comunitat Valenciana
la Torre d'en Doménec,Plana Alta,180,Castelló,Comunitat Valenciana
la Torre de les Maçanes,Alacantí,661,Alacant,Comunitat Valenciana
Torrebaixa,Racó d'Ademús,411,València,Comunitat Valenciana
Torreblanca,Plana Alta,5528,Castelló,Comunitat Valenciana
Torrella,Costera,146,València,Comunitat Valenciana
Torrent,Horta Sud,82208,València,Comunitat Valenciana
Torres Torres,Camp de Morvedre,637,València,Comunitat Valenciana
Torrevella,Baix Segura,83337,Alacant,Comunitat Valenciana
Torre-xiva,Alt Millars,81,Castelló,Comunitat Valenciana
Tous,Ribera Alta,1263,València,Comunitat Valenciana
Traiguera,Baix Maestrat,1378,Castelló,Comunitat Valenciana
les Useres,Alcalatén,962,Castelló,Comunitat Valenciana
Utiel,Plana d'Utiel,11531,València,Comunitat Valenciana
València,València,794288,València,Comunitat Valenciana
la Vall d'Alba,Plana Alta,2807,Castelló,Comunitat Valenciana
la Vall d'Alcalà,Marina Alta,167,Alacant,Comunitat Valenciana
la Vall d'Almonesir,Alt Palància,269,Castelló,Comunitat Valenciana
la Vall d'Ebo,Marina Alta,216,Alacant,Comunitat Valenciana
la Vall d'Uixó,Plana Baixa,31660,Castelló,Comunitat Valenciana
la Vall de Gallinera,Marina Alta,571,Alacant,Comunitat Valenciana
la Vall de Laguar,Marina Alta,846,Alacant,Comunitat Valenciana
Vallada,Costera,3039,València,Comunitat Valenciana
Vallanca,Racó d'Ademús,139,València,Comunitat Valenciana
Vallat,Alt Millars,49,Castelló,Comunitat Valenciana
Vallés,Costera,157,València,Comunitat Valenciana
Vallibona,Ports,69,Castelló,Comunitat Valenciana
Venta del Moro,Plana d'Utiel,1207,València,Comunitat Valenciana
el Verger,Marina Alta,4640,Alacant,Comunitat Valenciana
la Vila Joiosa,Marina Baixa,34673,Alacant,Comunitat Valenciana
Vilafamés,Plana Alta,1842,Castelló,Comunitat Valenciana
Vilafermosa,Alt Millars,489,Castelló,Comunitat Valenciana
Vilafranca,Ports,2200,Castelló,Comunitat Valenciana
Vilallonga,Safor,4270,València,Comunitat Valenciana
Vilamalur,Alt Millars,62,Castelló,Comunitat Valenciana
Vilamarxant,Camp de Túria,9717,València,Comunitat Valenciana
Vilanova d'Alcolea,Plana Alta,584,Castelló,Comunitat Valenciana
Vilanova de Viver,Alt Millars,61,Castelló,Comunitat Valenciana
Vilar de Canes,Alt Maestrat,169,Castelló,Comunitat Valenciana
Vila-real,Plana Baixa,50893,Castelló,Comunitat Valenciana
la Vilavella,Plana Baixa,3157,Castelló,Comunitat Valenciana
el Villar,Serrans,3554,València,Comunitat Valenciana
Villargordo del Cabriel,Plana d'Utiel,589,València,Comunitat Valenciana
Villena,Alt Vinalopó,33964,Alacant,Comunitat Valenciana
Villores,Ports,39,Castelló,Comunitat Valenciana
Vinalesa,Horta Nord,3420,València,Comunitat Valenciana
Vinaròs,Baix Maestrat,28682,Castelló,Comunitat Valenciana
Vistabella del Maestrat,Alcalatén,339,Castelló,Comunitat Valenciana
Viver,Alt Palància,1536,Castelló,Comunitat Valenciana
Xàbia,Marina Alta,27604,Alacant,Comunitat Valenciana
Xacarella,Baix Segura,2022,Alacant,Comunitat Valenciana
Xalans,Vall de Cofrents,830,València,Comunitat Valenciana
Xaló,Marina Alta,2739,Alacant,Comunitat Valenciana
Xarafull,Vall de Cofrents,754,València,Comunitat Valenciana
Xàtiva,Costera,29231,València,Comunitat Valenciana
Xella,Canal de Navarrés,2435,València,Comunitat Valenciana
Xelva,Serrans,1489,València,Comunitat Valenciana
Xera,Plana d'Utiel,474,València,Comunitat Valenciana
Xeraco,Safor,5655,València,Comunitat Valenciana
Xeresa,Safor,2168,València,Comunitat Valenciana
Xèrica,Alt Palància,1548,Castelló,Comunitat Valenciana
Xert,Baix Maestrat,701,Castelló,Comunitat Valenciana
Xest,Foia de Bunyol,8494,València,Comunitat Valenciana
Xestalgar,Serrans,556,València,Comunitat Valenciana
Xilxes,Plana Baixa,2679,Castelló,Comunitat Valenciana
Xirivella,Horta Sud,29623,València,Comunitat Valenciana
Xiva,Foia de Bunyol,15123,València,Comunitat Valenciana
Xixona,Alacantí,6865,Alacant,Comunitat Valenciana
Xodos,Alcalatén,112,Castelló,Comunitat Valenciana
Xóvar,Alt Palància,288,Castelló,Comunitat Valenciana
Xulilla,Serrans,665,València,Comunitat Valenciana
Zarra,Vall de Cofrents,359,València,Comunitat Valenciana
Alaior,Menorca,9610,Illes Balears,Illes Balears
Alaró,Raiguer,5508,Illes Balears,Illes Balears
Alcúdia,Raiguer,19586,Illes Balears,Illes Balears
Algaida,Pla de Mallorca,5367,Illes Balears,Illes Balears
Andratx,Serra de Tramuntana,12149,Illes Balears,Illes Balears
Ariany,Pla de Mallorca,877,Illes Balears,Illes Balears
Artà,Llevant,7629,Illes Balears,Illes Balears
Banyalbufar,Serra de Tramuntana,560,Illes Balears,Illes Balears
Binissalem,Raiguer,7795,Illes Balears,Illes Balears
Búger,Raiguer,1015,Illes Balears,Illes Balears
Bunyola,Serra de Tramuntana,6276,Illes Balears,Illes Balears
Calvià,Serra de Tramuntana,51114,Illes Balears,Illes Balears
Campanet,Raiguer,2590,Illes Balears,Illes Balears
Campos,Migjorn ,9964,Illes Balears,Illes Balears
Capdepera,Llevant,11421,Illes Balears,Illes Balears
es Castell,Menorca,7962,Illes Balears,Illes Balears
Ciutadella de Menorca,Menorca,29580,Illes Balears,Illes Balears
Consell,Raiguer,3861,Illes Balears,Illes Balears
Costitx,Pla de Mallorca,1159,Illes Balears,Illes Balears
Deià,Serra de Tramuntana,747,Illes Balears,Illes Balears
Eivissa,Eivissa,49768,Illes Balears,Illes Balears
Escorca,Serra de Tramuntana,267,Illes Balears,Illes Balears
Esporles,Serra de Tramuntana,4915,Illes Balears,Illes Balears
Estellencs,Serra de Tramuntana,380,Illes Balears,Illes Balears
Felanitx,Migjorn ,18388,Illes Balears,Illes Balears
Ferreries,Menorca,4670,Illes Balears,Illes Balears
Formentera,Formentera,10757,Illes Balears,Illes Balears
Fornalutx,Serra de Tramuntana,692,Illes Balears,Illes Balears
Inca,Raiguer,30066,Illes Balears,Illes Balears
Lloret de Vistalegre,Pla de Mallorca,1340,Illes Balears,Illes Balears
Lloseta,Raiguer,5674,Illes Balears,Illes Balears
Llubí,Pla de Mallorca,2294,Illes Balears,Illes Balears
Llucmajor,Migjorn ,36994,Illes Balears,Illes Balears
Manacor,Llevant,40831,Illes Balears,Illes Balears
Mancor de la Vall,Raiguer,1330,Illes Balears,Illes Balears
Maó,Menorca,28972,Illes Balears,Illes Balears
Maria de la Salut,Pla de Mallorca,2152,Illes Balears,Illes Balears
Marratxí,Raiguer,34583,Illes Balears,Illes Balears
Es Mercadal,Menorca,5396,Illes Balears,Illes Balears
Es Migjorn Gran,Menorca,1539,Illes Balears,Illes Balears
Montuïri,Pla de Mallorca,2855,Illes Balears,Illes Balears
Muro,Pla de Mallorca,6993,Illes Balears,Illes Balears
Palma,Mallorca,407648,Illes Balears,Illes Balears
Petra,Pla de Mallorca,2908,Illes Balears,Illes Balears
Sa Pobla,Raiguer,12871,Illes Balears,Illes Balears
Pollença,Serra de Tramuntana,16191,Illes Balears,Illes Balears
Porreres,Pla de Mallorca,5486,Illes Balears,Illes Balears
Puigpunyent,Serra de Tramuntana,1886,Illes Balears,Illes Balears
Ses Salines,Migjorn ,5227,Illes Balears,Illes Balears
Sant Antoni de Portmany,Eivissa,22446,Illes Balears,Illes Balears
Sant Joan,Pla de Mallorca,2047,Illes Balears,Illes Balears
Sant Joan de Labritja,Eivissa,5506,Illes Balears,Illes Balears
Sant Josep de sa Talaia,Eivissa,24691,Illes Balears,Illes Balears
Sant Llorenç des Cardassar,Llevant,8993,Illes Balears,Illes Balears
Sant Lluís,Menorca,7449,Illes Balears,Illes Balears
Santa Eugènia,Pla de Mallorca,1702,Illes Balears,Illes Balears
Santa Eulària des Riu,Eivissa,34946,Illes Balears,Illes Balears
Santa Margalida,Pla de Mallorca,11922,Illes Balears,Illes Balears
Santa Maria del Camí,Raiguer,6473,Illes Balears,Illes Balears
Santanyí,Migjorn ,13384,Illes Balears,Illes Balears
Selva,Raiguer,3798,Illes Balears,Illes Balears
Sencelles,Pla de Mallorca,3187,Illes Balears,Illes Balears
Sineu,Pla de Mallorca,3763,Illes Balears,Illes Balears
Sóller,Serra de Tramuntana,14150,Illes Balears,Illes Balears
Son Servera,Llevant,12165,Illes Balears,Illes Balears
Valldemossa,Serra de Tramuntana,2027,Illes Balears,Illes Balears
Vilafranca de Bonany,Pla de Mallorca,2971,Illes Balears,Illes Balears
Almendralejo,Tierra de Barros,34284,Badajoz,Extremadura
